feature	importance
d__Eukaryota;p__MAST-12;c__MAST-12C;o__MAST-12C;f__MAST-12C;g__MAST-12C;__	0.1943290198379686
d__Eukaryota;p__Ochrophyta;c__Chrysophyceae;o__Ochromonadales;f__Ochromonadales;g__Ochromonas;__	0.1486317825760886
d__Eukaryota;p__Dinoflagellata;c__Incertae_Sedis;o__Incertae_Sedis;f__Incertae_Sedis;g__Haplozoon;__	0.11217422733249487
d__Eukaryota;p__Protalveolata;c__Syndiniales;o__Syndiniales;f__Syndiniales_Group_II;g__Syndiniales_Group_II;s__uncultured_eukaryote	0.0963321178491928
d__Eukaryota;p__Peronosporomycetes;c__Peronosporomycetes;o__Peronosporomycetes;f__Peronosporomycetes;g__Pythium;__	0.028657125882792272
d__Eukaryota;p__Rotifera;c__Monogononta;o__Ploimida;f__Ploimida;g__Ploimida;__	0.02726478892942915
d__Eukaryota;p__Euglenozoa;c__Kinetoplastea;o__Eubodonida;f__Eubodonida;g__Bodo;s__Bodo_saltans	0.025642772032196635
d__Eukaryota;p__Cryptophyceae;c__Cryptophyceae;o__Cryptomonadales;f__Cryptomonadales;g__Cryptomonas;s__Cryptomonas_sp.	0.019826602213776592
d__Eukaryota;p__uncultured;c__uncultured;o__uncultured;f__uncultured;g__uncultured;__	0.015650866795460825
d__Eukaryota;p__Cercozoa;c__Imbricatea;o__Imbricatea;f__Imbricatea;g__Nudifila;s__uncultured_marine	0.011292223441515576
d__Eukaryota;p__Protalveolata;c__Syndiniales;o__Syndiniales;__;__;__	0.011069952743438905
d__Eukaryota;p__Holozoa;c__Choanoflagellida;o__Acanthoecida;f__Stephanoecidae;__;__	0.010584081791959602
d__Eukaryota;p__Bicosoecida;c__Bicosoecida;o__Bicosoecida;f__Bicosoecida;g__Bicosoeca;__	0.010569491195166217
d__Eukaryota;p__Cryptophyceae;c__Cryptophyceae;o__Cryptomonadales;f__Cryptomonadales;g__Teleaulax;__	0.00925834296419229
d__Eukaryota;p__Protalveolata;c__Perkinsidae;o__A31;f__A31;g__A31;s__uncultured_alveolate	0.008339542191835973
d__Eukaryota;p__Incertae_Sedis;c__Incertae_Sedis;o__Incertae_Sedis;f__Incertae_Sedis;g__Telonema;s__uncultured_eukaryote	0.008282597778891959
d__Eukaryota;p__Arthropoda;c__Maxillopoda;o__Calanoida;f__Calanoida;g__Calanoida;s__uncultured_eukaryote	0.008029046776896904
d__Eukaryota;p__Protalveolata;c__Syndiniales;o__Syndiniales;f__Syndiniales_Group_II;g__Syndiniales_Group_II;__	0.007449463245322752
d__Eukaryota;p__Cercozoa;c__Thecofilosea;o__Cryomonadida;f__Protaspidae;g__Cryothecomonas;__	0.007285737721906773
d__Eukaryota;p__Chytridiomycota;c__Chytridiomycetes;o__Rhizophydiales;__;__;__	0.0071132958681358605
d__Eukaryota;p__Chlorophyta;c__Mamiellophyceae;o__DSGM-81;f__DSGM-81;g__DSGM-81;s__uncultured_eukaryote	0.006918626305731375
d__Eukaryota;p__Gastrotricha;c__Gastrotricha;o__Chaetonotida;f__Chaetonotida;g__Chaetonotida;__	0.006735170096566413
d__Eukaryota;p__Ochrophyta;c__Chrysophyceae;o__uncultured;f__uncultured;g__uncultured;s__uncultured_Chrysophyceae	0.006450797139214026
d__Eukaryota;p__Porifera;c__Demospongiae;o__Dictyoceratida;f__Dictyoceratida;g__Dictyoceratida;__	0.006254484355298258
d__Eukaryota;p__Ochrophyta;c__Pelagophyceae;__;__;__;__	0.005944473192420632
d__Eukaryota;p__Chytridiomycota;c__Chytridiomycetes;o__Rhizophydiales;f__uncultured;g__uncultured;__	0.005819483295774941
d__Eukaryota;p__Ochrophyta;c__Chrysophyceae;o__uncultured;f__uncultured;g__uncultured;s__uncultured_marine	0.005431916229841663
d__Eukaryota;p__Cryptophyceae;c__Cryptophyceae;o__Cryptomonadales;f__Cryptomonadales;g__Cryptomonadales;s__uncultured_eukaryote	0.005145501478062442
d__Eukaryota;p__Arthropoda;c__Maxillopoda;o__Sessilia;f__Sessilia;g__Sessilia;__	0.004572779476732946
d__Eukaryota;p__Protalveolata;c__Perkinsidae;o__A31;f__A31;g__A31;__	0.004498998820518856
d__Eukaryota;p__MAST-3;c__MAST-3E;o__MAST-3E;f__MAST-3E;g__MAST-3E;__	0.004400633676744548
d__Eukaryota;p__Tunicata;c__Ascidiacea;o__Stolidobranchia;f__Stolidobranchia;g__Stolidobranchia;__	0.003921576041261672
d__Eukaryota;p__Cercozoa;c__Thecofilosea;o__Ebriacea;f__Ebriacea;g__Ebria;s__uncultured_eukaryote	0.0038368063711354296
d__Eukaryota;p__Protalveolata;c__Syndiniales;o__Syndiniales;f__Syndiniales_Group_I;g__Syndiniales_Group_I;__	0.0037986118085327437
d__Eukaryota;p__Ascomycota;c__Dothideomycetes;o__Pleosporales;__;__;__	0.0035768785332377525
d__Eukaryota;p__Euglenozoa;c__Kinetoplastea;o__Neobodonida;f__Neobodonida;g__Rhynchomonas;__	0.003390110215552204
d__Eukaryota;p__Arthropoda;c__Maxillopoda;__;__;__;__	0.0033537433044440713
d__Eukaryota;p__Phragmoplastophyta;c__Embryophyta;o__Magnoliophyta;f__Magnoliophyta;g__Magnoliophyta;s__Citrus_maxima	0.0032604612075776015
d__Eukaryota;p__Dinoflagellata;__;__;__;__;__	0.0032287935860776614
d__Eukaryota;p__Cercozoa;c__Imbricatea;o__Imbricatea;f__Thaumatomonadida;g__uncultured;s__uncultured_Cercozoa	0.003159111940550431
d__Eukaryota;p__Annelida;c__Polychaeta;o__Phyllodocida;f__Phyllodocida;g__Phyllodocida;__	0.0031454112906918142
d__Eukaryota;p__MAST-12;c__MAST-12A;o__MAST-12A;f__MAST-12A;g__MAST-12A;__	0.0030954454453921655
d__Eukaryota;p__Picozoa;c__Picozoa;o__Picozoa;f__Picozoa;g__Picozoa;s__uncultured_biliphyte	0.0029799676992346077
d__Eukaryota;p__Prymnesiophyceae;c__Prymnesiophyceae;o__Prymnesiales;f__Prymnesiales;__;__	0.0029147154950048258
d__Eukaryota;p__Protalveolata;c__Syndiniales;o__Syndiniales;f__Syndiniales;g__Amoebophrya;s__uncultured_eukaryote	0.0028789688239222746
d__Eukaryota;p__Mollusca;c__Bivalvia;o__Pectinoida;f__Pectinoida;g__Pectinoida;__	0.002855148865968963
d__Eukaryota;p__MAST-1;c__MAST-1C;o__MAST-1C;f__MAST-1C;g__MAST-1C;__	0.002774984248839777
d__Eukaryota;p__Picozoa;c__Picomonadida;__;__;__;__	0.0026467208207885495
d__Eukaryota;p__Cryptophyceae;c__Cryptophyceae;o__Cryptomonadales;f__Cryptomonadales;g__Rhodomonas;__	0.0023431394556302203
d__Eukaryota;p__Cnidaria;c__Anthozoa;o__Scleractinia;f__Scleractinia;g__Scleractinia;__	0.002303137269334784
d__Eukaryota;p__Cercozoa;c__Novel_Clade_2;o__Novel_Clade_2;f__Novel_Clade_2;g__Novel_Clade_2;s__uncultured_marine	0.0023016238676133996
d__Eukaryota;p__Ochrophyta;c__Chrysophyceae;o__uncultured;f__uncultured;g__uncultured;s__uncultured_eukaryote	0.002266385477502898
d__Eukaryota;p__MAST-2;c__MAST-2;o__MAST-2;f__MAST-2;g__MAST-2;__	0.0022258524492009984
d__Eukaryota;p__Florideophycidae;c__Rhodymeniophycidae;o__Rhodymeniophycidae;f__Rhodymeniophycidae;g__Rhodymeniophycidae;__	0.0022187176790261407
d__Eukaryota;p__Annelida;c__Polychaeta;o__Capitellida;f__Capitellida;g__Capitellida;__	0.0022174575139261507
d__Eukaryota;p__Chytridiomycota;c__Chytridiomycetes;o__uncultured;f__uncultured;g__uncultured;__	0.0022127423176815254
d__Eukaryota;p__Chlorophyta;c__Mamiellophyceae;o__Mamiellales;f__Mamiellales;g__Micromonas;__	0.002045158930461194
d__Eukaryota;p__Ochrophyta;c__Dictyochophyceae;o__Pedinellales;f__Pedinellales;g__Pseudopedinella;s__uncultured_eukaryote	0.001956699605298133
d__Eukaryota;p__Protalveolata;c__Syndiniales;o__Syndiniales;f__Syndiniales_Group_I;g__Syndiniales_Group_I;s__uncultured_eukaryote	0.0019159008896526878
d__Eukaryota;p__Ochrophyta;c__Dictyochophyceae;o__Pedinellales;f__Pedinellales;g__Pedinellales;s__uncultured_Pedinellales	0.0018306010768012631
d__Eukaryota;p__Peronosporomycetes;c__Peronosporomycetes;o__Peronosporomycetes;f__Peronosporomycetes;g__uncultured;s__uncultured_stramenopile	0.00182079911602657
d__Eukaryota;p__Chlorophyta;c__Clade_VII;o__Subclade_A;f__Subclade_A;g__Subclade_A;__	0.0018021458434388325
d__Eukaryota;p__Incertae_Sedis;c__Incertae_Sedis;o__Incertae_Sedis;f__Incertae_Sedis;g__Palpitomonas;s__uncultured_eukaryote	0.001720568291562857
d__Eukaryota;p__Peronosporomycetes;c__Peronosporomycetes;o__Peronosporomycetes;f__Peronosporomycetes;g__Halodaphnea;s__Halodaphnea_panulirata	0.0016561104256214453
d__Eukaryota;p__Ochrophyta;c__Dictyochophyceae;o__Pedinellales;f__Pedinellales;__;__	0.0016447166544006897
d__Eukaryota;p__Cercozoa;c__Novel_Clade_2;o__Novel_Clade_2;f__Novel_Clade_2;g__Novel_Clade_2;__	0.0016018381881879522
d__Eukaryota;p__Annelida;c__Polychaeta;__;__;__;__	0.0015955225231732786
d__Eukaryota;p__Phragmoplastophyta;c__Embryophyta;o__Magnoliophyta;f__Magnoliophyta;g__Magnoliophyta;s__Lupinus_angustifolius	0.0015840572445634526
d__Eukaryota;p__Cnidaria;c__Myxozoa;o__Bivalvulida;f__Bivalvulida;g__Bivalvulida;__	0.0015735776620727164
d__Eukaryota;p__Ctenophora;c__Tentaculata;__;__;__;__	0.0015388700994165149
d__Eukaryota;p__Chlorophyta;c__Prasinophytae;o__Prasinophytae;f__Prasinophytae;g__Prasinophytae;__	0.0014311132402577624
d__Eukaryota;p__MAST-12;c__MAST-12A;o__MAST-12A;f__MAST-12A;g__MAST-12A;s__uncultured_eukaryote	0.001404635331824541
d__Eukaryota;p__Chlorophyta;c__Chlorophyceae;o__Chlorophyceae;f__Chlorophyceae;g__Chlorophyceae;__	0.0013585277955306709
d__Eukaryota;p__Cercozoa;c__Thecofilosea;o__Thecofilosea;f__Thecofilosea;g__uncultured;s__uncultured_eukaryote	0.0012013837214471215
d__Eukaryota;p__MAST-8;c__MAST-8D;o__MAST-8D;f__MAST-8D;g__MAST-8D;s__uncultured_stramenopile	0.001136298965912652
d__Eukaryota;p__Cercozoa;c__Cercomonadidae;o__Cercomonadidae;f__Cercomonadidae;__;__	0.0011305639498640052
d__Eukaryota;p__MAST-3;c__MAST-3L;o__MAST-3L;f__MAST-3L;g__MAST-3L;__	0.0010989358906912266
d__Eukaryota;p__Protalveolata;c__Syndiniales;o__Syndiniales;f__Syndiniales;g__Duboscquella;s__uncultured_eukaryote	0.0010924114519540013
d__Eukaryota;p__Arthropoda;c__Maxillopoda;o__Calanoida;f__Calanoida;g__Calanoida;s__Acartia_hudsonica	0.0010867772622950643
d__Eukaryota;p__Bicosoecida;c__Bicosoecida;o__Bicosoecida;f__Bicosoecida;g__Bicosoeca;s__metagenome	0.001072570548415466
d__Eukaryota;p__Cnidaria;c__Hydrozoa;o__Siphonophorae;f__Siphonophorae;g__Siphonophorae;s__uncultured_eukaryote	0.0010711083375640868
d__Eukaryota;p__MAST-6;c__MAST-6;o__MAST-6;f__MAST-6;g__MAST-6;__	0.0010024820362960676
d__Eukaryota;p__Protalveolata;c__Syndiniales;o__Syndiniales;f__Syndiniales;g__Amoebophrya;s__uncultured_alveolate	0.000994098055758846
d__Eukaryota;p__Centrohelida;c__Centrohelida;o__Centrohelida;f__Acanthocystidae;g__Pterocystis;__	0.0009875096497326639
d__Eukaryota;p__Cercozoa;c__Thecofilosea;o__Thecofilosea;f__Thecofilosea;g__uncultured;s__uncultured_Cercozoa	0.0009838912425795122
d__Eukaryota;p__Cercozoa;c__Imbricatea;o__Imbricatea;f__Thaumatomonadida;g__Thaumatomastix;s__Thaumatomastix_sp.	0.0009793527235395605
d__Eukaryota;p__Ochrophyta;c__Chrysophyceae;o__uncultured;f__uncultured;g__uncultured;__	0.0009773476092789868
d__Eukaryota;p__MAST-4;c__MAST-4;o__MAST-4;f__MAST-4;g__MAST-4;__	0.00096299691447504
d__Eukaryota;p__Cercozoa;c__Thecofilosea;o__Cryomonadida;f__Protaspidae;g__Protaspis;__	0.0009336536141282143
d__Eukaryota;p__Holozoa;c__Choanoflagellida;o__Acanthoecida;f__Stephanoecidae;g__Diaphanoeca;__	0.0009247989698487148
d__Eukaryota;p__Ochrophyta;c__Phaeophyceae;o__Ectocarpales;f__Ectocarpales;__;__	0.0009168278806197614
d__Eukaryota;p__Cryptophyceae;c__Cryptophyceae;o__Cryptomonadales;f__Cryptomonadales;g__Chroomonas;__	0.0008825366993766518
d__Eukaryota;p__Aphelidea;c__Aphelidea;o__Aphelidea;f__Aphelidea;g__uncultured;s__uncultured_eukaryote	0.0008181626934406999
d__Eukaryota;p__Holozoa;c__Choanoflagellida;o__Acanthoecida;f__Stephanoecidae;g__Bicosta;s__Bicosta_minor	0.0008157646130653506
d__Eukaryota;p__Holozoa;c__Choanoflagellida;o__Acanthoecida;__;__;__	0.0008009056061823782
d__Eukaryota;p__Cercozoa;c__Imbricatea;o__Imbricatea;f__Thaumatomonadida;g__D2P04A09;__	0.000795074839629222
d__Eukaryota;p__Tunicata;c__Ascidiacea;o__Enterogona;f__Enterogona;g__Enterogona;__	0.0007770032219346925
d__Eukaryota;p__Cryptophyceae;c__Cryptophyceae;o__Cryptomonadales;f__Cryptomonadales;g__Teleaulax;s__uncultured_freshwater	0.000770515716024007
d__Eukaryota;p__Cercozoa;c__uncultured;o__uncultured;f__uncultured;g__uncultured;__	0.0007574934216736513
d__Eukaryota;p__Protalveolata;c__Syndiniales;o__Syndiniales;f__Syndiniales_Group_II;g__Syndiniales_Group_II;s__uncultured_alveolate	0.0007457407795179307
d__Eukaryota;p__Cnidaria;c__Scyphozoa;o__Rhizostomeae;f__Rhizostomeae;g__Rhizostomeae;__	0.0007334397275977461
d__Eukaryota;p__Mollusca;c__Gastropoda;o__Caenogastropoda;f__Caenogastropoda;g__Caenogastropoda;__	0.0007147959527306592
d__Eukaryota;p__Dinoflagellata;c__Incertae_Sedis;o__Incertae_Sedis;f__Incertae_Sedis;g__Blastodinium;__	0.0007098407888082466
d__Eukaryota;p__Holozoa;c__Choanoflagellida;o__Acanthoecida;f__Stephanoecidae;g__Diaphanoeca;s__uncultured_eukaryote	0.0006946359284528996
d__Eukaryota;p__Euglenozoa;c__Euglenida;o__Heteronematina;f__Heteronematina;g__Notosolenus;s__Notosolenus_urceolatus	0.0006871645076070174
d__Eukaryota;p__Cryptophyceae;c__Cryptophyceae;o__Cryptomonadales;f__Cryptomonadales;g__Hemiselmis;__	0.0006858694120384669
d__Eukaryota;p__MAST-3;c__MAST-3B;o__MAST-3B;f__MAST-3B;g__MAST-3B;__	0.0006642626578766875
d__Eukaryota;p__MAST-1;c__MAST-1A;o__MAST-1A;f__MAST-1A;g__MAST-1A;s__uncultured_marine	0.000660569988005766
d__Eukaryota;p__Bicosoecida;c__Bicosoecida;o__Bicosoecida;f__Bicosoecida;g__Pseudobodo;__	0.0006408761086960093
d__Eukaryota;p__Ochrophyta;c__Chrysophyceae;o__Synurales;f__Synurales;__;__	0.0006407408051785695
d__Eukaryota;p__Chlorophyta;c__Mamiellophyceae;o__Mamiellales;f__Mamiellales;g__Bathycoccus;__	0.000630094404675907
d__Eukaryota;p__Prymnesiophyceae;c__Prymnesiophyceae;o__Prymnesiales;f__Prymnesiales;g__OLI16029;__	0.0006194230420093463
d__Eukaryota;p__Cercozoa;c__Thecofilosea;o__Thecofilosea;f__Thecofilosea;__;__	0.000619038747447314
d__Eukaryota;p__Holozoa;c__Choanoflagellida;o__Clade_L;f__Clade_L;g__Clade_L;__	0.0006092489213704423
d__Eukaryota;p__Ochrophyta;c__Dictyochophyceae;__;__;__;__	0.0006085234117698374
d__Eukaryota;__;__;__;__;__;__	0.000608046208518466
d__Eukaryota;p__Chlorophyta;c__Chlorodendrophyceae;o__Chlorodendrales;f__Chlorodendrales;g__Tetraselmis;__	0.0006061614550789412
d__Eukaryota;p__Picozoa;c__Picomonadida;o__Picomonadida;f__Picomonadida;g__Picomonadida;__	0.0005971934408471825
d__Eukaryota;p__Protalveolata;c__Syndiniales;o__Syndiniales;f__Syndiniales;g__Amoebophrya;__	0.000595037039221575
d__Eukaryota;p__Cryptophyceae;c__Cryptophyceae;o__Cryptomonadales;f__Cryptomonadales;g__Teleaulax;s__uncultured_eukaryote	0.0005611997632744443
d__Eukaryota;p__Pav3;c__Pav3;o__Pav3;f__Pav3;g__Pav3;s__uncultured_eukaryote	0.0005529836637231273
d__Eukaryota;p__Chytridiomycota;c__Chytridiomycetes;o__Chytridiales;f__Chytridiaceae;g__uncultured;s__uncultured_rhizosphere	0.0005456285160226371
d__Eukaryota;p__Mollusca;c__Gastropoda;o__Heterobranchia;f__Heterobranchia;g__Heterobranchia;__	0.0005407252798620048
d__Eukaryota;p__Cryptophyceae;c__Cryptophyceae;o__Cryptomonadales;f__Cryptomonadales;g__Rhodomonas;s__Rhinomonas_pauca	0.0005344729499149484
d__Eukaryota;p__Cercozoa;c__Novel_Clade_2;o__Novel_Clade_2;f__Novel_Clade_2;g__Novel_Clade_2;s__uncultured_eukaryote	0.0005250291798853642
d__Eukaryota;p__Cercozoa;c__Cercozoa;o__Cercozoa;f__Cercozoa;g__Cercozoa;s__Ventrifissura_sp.	0.0005228288050550651
d__Eukaryota;p__Chlorophyta;c__Mamiellophyceae;o__Mamiellales;f__Mamiellales;g__Micromonas;s__uncultured_marine	0.0005187893285838114
d__Eukaryota;p__Mollusca;c__Bivalvia;o__Veneroida;f__Veneroida;g__Veneroida;__	0.0005078347824422283
d__Eukaryota;p__Vertebrata;c__Actinopterygii;o__Teleostei;f__Teleostei;g__Teleostei;s__Alosa_alosa	0.00048287066664148316
d__Eukaryota;p__Incertae_Sedis;c__Incertae_Sedis;o__Incertae_Sedis;f__Incertae_Sedis;g__Pirsonia;s__uncultured_eukaryote	0.0004774318561535852
d__Eukaryota;p__Cercozoa;c__Cercozoa;o__Cercozoa;f__Cercozoa;g__Cercozoa;s__Lecythium_jennyae	0.00047220708713186996
d__Eukaryota;p__Mollusca;c__Bivalvia;o__Mytiloida;f__Mytiloida;g__Mytiloida;__	0.00046131995566049385
d__Eukaryota;p__Chlorophyta;c__Trebouxiophyceae;o__Trebouxiophyceae;f__Trebouxiophyceae;g__Trebouxiophyceae;s__uncultured_marine	0.0004371073121375702
d__Eukaryota;p__Ochrophyta;c__Dictyochophyceae;o__Pedinellales;f__Pedinellales;g__Pedinellales;__	0.0004299759823809886
d__Eukaryota;p__Euglenozoa;c__Kinetoplastea;__;__;__;__	0.00041903523358545355
d__Eukaryota;p__uncultured;c__uncultured;o__uncultured;f__uncultured;g__uncultured;s__uncultured_eukaryote	0.00041502634233250727
d__Eukaryota;p__Ochrophyta;c__Chrysophyceae;__;__;__;__	0.0004119815449789366
d__Eukaryota;p__Chlorophyta;c__Nephroselmidophyceae;o__Nephroselmidales;f__Nephroselmidales;g__Nephroselmis;__	0.00041138339610792584
d__Eukaryota;p__Arthropoda;c__Maxillopoda;o__Cyclopoida;f__Cyclopoida;g__Cyclopoida;__	0.0004052533360970463
d__Eukaryota;p__Apusomonadidae;c__Apusomonadidae;o__Apusomonadidae;f__Apusomonadidae;g__Amastigomonas;__	0.00039171972680662965
d__Eukaryota;p__Peronosporomycetes;c__Peronosporomycetes;o__Peronosporomycetes;f__Peronosporomycetes;g__uncultured;s__uncultured_marine	0.0003894095487898215
d__Eukaryota;p__Cercozoa;c__Chlorarachniophyta;o__Chlorarachniophyta;f__Chlorarachniophyta;g__Minorisa;__	0.0003735103478190077
d__Eukaryota;p__MAST-1;__;__;__;__;__	0.00037108174399437825
d__Eukaryota;p__Nemertea;c__Anopla;o__Heteronemertea;f__Heteronemertea;g__Heteronemertea;__	0.00035817714331326663
d__Eukaryota;p__Basidiomycota;c__Malasseziomycetes;o__Malasseziales;f__Malasseziaceae;g__Malassezia;s__uncultured_fungus	0.00035688156329123644
d__Eukaryota;p__Chlorophyta;c__Mamiellophyceae;o__Mamiellales;f__Mamiellales;__;__	0.00035547258735481096
d__Eukaryota;p__Cercozoa;c__uncultured;o__uncultured;f__uncultured;g__uncultured;s__uncultured_Cercozoa	0.00035124864221471703
d__Eukaryota;p__Holozoa;c__Choanoflagellida;__;__;__;__	0.0003473210030593586
d__Eukaryota;p__Mollusca;c__Bivalvia;__;__;__;__	0.000338798080502429
d__Eukaryota;p__MAST-6;c__MAST-6;o__MAST-6;f__MAST-6;g__MAST-6;s__Pseudophyllomitus_vesiculosus	0.00033600225902547627
d__Eukaryota;p__Bicosoecida;c__Bicosoecida;o__Bicosoecida;f__Bicosoecida;g__Bicosoecida;__	0.00032490893068532227
d__Eukaryota;p__Chlorophyta;c__Nephroselmidophyceae;o__Nephroselmidales;f__Nephroselmidales;g__Nephroselmis;s__Nephroselmis_olivacea	0.00031548063557250487
d__Eukaryota;p__Cnidaria;c__Hydrozoa;o__Leptothecata;f__Leptothecata;g__Leptothecata;__	0.0002917542702493044
d__Eukaryota;p__Euglenozoa;c__Kinetoplastea;o__Incertae_Sedis;f__Incertae_Sedis;g__Hemistasia;s__Hemistasia_phaeocysticola	0.000288759343616804
d__Eukaryota;p__Aphelidea;c__Aphelidea;o__Aphelidea;f__Aphelidea;g__uncultured;__	0.0002877506443225577
d__Eukaryota;p__Arthropoda;c__Maxillopoda;o__Poecilostomatoida;f__Poecilostomatoida;g__Poecilostomatoida;s__Astericola_clausii	0.00028351833150311187
d__Eukaryota;p__Incertae_Sedis;c__Incertae_Sedis;o__Incertae_Sedis;f__Incertae_Sedis;g__Pirsonia;__	0.00028236869103994246
d__Eukaryota;p__Cercozoa;c__Chlorarachniophyta;o__Chlorarachniophyta;f__Chlorarachniophyta;g__NOR26;s__uncultured_marine	0.00027671421962390745
d__Eukaryota;p__Cnidaria;c__Hydrozoa;o__Anthoathecata;f__Anthoathecata;g__Anthoathecata;__	0.00027667822894928275
d__Eukaryota;p__Cercozoa;c__Imbricatea;o__Imbricatea;f__Euglyphida;g__Paulinella;s__uncultured_eukaryote	0.0002709303872105685
d__Eukaryota;p__Cercozoa;c__uncultured;o__uncultured;f__uncultured;g__uncultured;s__uncultured_eukaryote	0.00026825362842369707
d__Eukaryota;p__Mollusca;c__Bivalvia;o__Unionoida;f__Unionoida;g__Unionoida;__	0.000258573160107534
d__Eukaryota;p__Ochrophyta;c__Raphidophyceae;o__Chattonellales;f__Chattonellales;g__Chattonella;s__Chattonella_subsalsa	0.0002559511431033779
d__Eukaryota;p__Cryptophyceae;c__Cryptophyceae;o__Cryptomonadales;f__Cryptomonadales;__;__	0.000255137380061173
d__Eukaryota;p__Labyrinthulomycetes;c__uncultured;o__uncultured;f__uncultured;g__uncultured;__	0.0002457323361586238
d__Eukaryota;p__Cercozoa;c__Imbricatea;o__Marimonadida;f__Marimonadida;g__Marimonadida;s__uncultured_eukaryote	0.00023947387669902208
d__Eukaryota;p__Annelida;c__Polychaeta;o__Eunicida;f__Eunicida;g__Eunicida;__	0.00023476122988869927
d__Eukaryota;p__Phragmoplastophyta;c__Embryophyta;o__Magnoliophyta;f__Magnoliophyta;g__Magnoliophyta;__	0.0002222206562850813
d__Eukaryota;p__Cercozoa;c__Thecofilosea;o__Thecofilosea;f__Thecofilosea;g__uncultured;__	0.00022047296718434296
d__Eukaryota;p__Euglenozoa;c__Kinetoplastea;o__Trypanosomatida;f__Trypanosomatida;__;__	0.0002166378538670792
d__Eukaryota;p__Cryptomycota;c__LKM11;o__LKM11;f__LKM11;g__LKM11;__	0.00021433488891324306
d__Eukaryota;p__Chytridiomycota;c__Chytridiomycetes;o__Chytridiales;f__Chytridiaceae;g__uncultured;__	0.00021161266106794175
d__Eukaryota;p__Phragmoplastophyta;c__Embryophyta;__;__;__;__	0.00020894792536172438
d__Eukaryota;p__Ochrophyta;c__Chrysophyceae;o__Ochromonadales;f__Ochromonadales;__;__	0.00020777840923171865
d__Eukaryota;p__Annelida;c__Polychaeta;o__Phyllodocida;f__Phyllodocida;g__Phyllodocida;s__Glycinde_armigera	0.0002067330273151191
d__Eukaryota;p__Cercozoa;c__Vampyrellidae;o__Vampyrellidae;f__Vampyrellidae;g__uncultured;s__uncultured_eukaryote	0.00020411803482300994
d__Eukaryota;p__MAST-3;c__MAST-3J;o__MAST-3J;f__MAST-3J;g__MAST-3J;__	0.00020080862142422454
d__Eukaryota;p__Annelida;c__Polychaeta;o__Sabellida;f__Sabellida;g__Sabellida;s__Manayunkia_aestuarina	0.00019737488659796136
d__Eukaryota;p__Centrohelida;c__Centrohelida;o__Centrohelida;f__Centrohelida;g__Centrohelida;s__uncultured_eukaryote	0.00019008586534074008
d__Eukaryota;p__Ascomycota;c__Dothideomycetes;o__Botryosphaeriales;__;__;__	0.00018988719413878948
d__Eukaryota;p__Rotifera;c__Monogononta;o__Flosculariacea;f__Flosculariacea;g__Flosculariacea;__	0.00018985387242693438
d__Eukaryota;p__Holozoa;c__Choanoflagellida;o__Acanthoecida;f__Stephanoecidae;g__Bicosta;__	0.00018290180363105487
d__Eukaryota;p__Peronosporomycetes;c__Peronosporomycetes;o__Peronosporomycetes;f__Peronosporomycetes;__;__	0.00018153893247891003
d__Eukaryota;p__Prymnesiophyceae;c__Prymnesiophyceae;o__Prymnesiophyceae;f__Prymnesiophyceae;__;__	0.00017478367696738145
d__Eukaryota;p__Holozoa;c__Filasterea;o__Ministeriida;f__Capsasporidae;g__AT4-11;s__uncultured_eukaryote	0.00016871608870012525
d__Eukaryota;p__Cercozoa;c__Thecofilosea;o__Cryomonadida;f__Ventrifissuridae;g__Ventrifissuridae;__	0.00016681308360334073
d__Eukaryota;p__Prymnesiophyceae;__;__;__;__;__	0.00016615922307435305
d__Eukaryota;p__Cryptomycota;c__Incertae_Sedis;o__Incertae_Sedis;f__Incertae_Sedis;g__Paramicrosporidium;s__uncultured_marine	0.00016419461784123338
d__Eukaryota;p__Chlorophyta;c__Trebouxiophyceae;o__Trebouxiophyceae;f__Trebouxiophyceae;g__Trebouxiophyceae;__	0.00016353498289996016
d__Eukaryota;p__Ochrophyta;c__Ochrophyta;o__Ochrophyta;f__Ochrophyta;g__Bolidomonas;s__uncultured_eukaryote	0.00016306423693618571
d__Eukaryota;p__Centrohelida;c__Centrohelida;o__Centrohelida;__;__;__	0.00016105825502047376
d__Eukaryota;p__MAST-12;c__MAST-12B;o__MAST-12B;f__MAST-12B;g__MAST-12B;__	0.00015226982995289587
d__Eukaryota;p__Labyrinthulomycetes;__;__;__;__;__	0.0001512212470323409
d__Eukaryota;p__Protalveolata;c__Syndiniales;o__Syndiniales;f__Syndiniales;g__Duboscquella;__	0.00014575981404226228
d__Eukaryota;p__Holozoa;c__Choanoflagellida;o__Craspedida;f__Salpingoecidae;g__Hartaetosiga;s__eukaryote_clone	0.00014519579250606526
d__Eukaryota;p__Mollusca;c__Bivalvia;o__Ostreoida;f__Ostreoida;g__Ostreoida;s__Crassostrea_virginica	0.00014518920634351603
d__Eukaryota;p__Dinoflagellata;c__Dinoflagellata;o__Noctilucales;f__Noctilucales;g__Noctilucales;s__uncultured_eukaryote	0.00014163289609205233
d__Eukaryota;p__Holozoa;c__Choanoflagellida;o__Acanthoecida;f__Acanthoecidae;g__FV23-1A4;__	0.0001411968847863998
d__Eukaryota;p__Porifera;c__Demospongiae;o__Dictyoceratida;f__Dictyoceratida;g__Dictyoceratida;s__Dysidea_avara	0.00013994091789731931
d__Eukaryota;p__Protalveolata;c__Syndiniales;o__Syndiniales;f__Syndiniales_Group_III;g__Syndiniales_Group_III;s__uncultured_eukaryote	0.00013869971710426445
d__Eukaryota;p__Ochrophyta;c__Ochrophyta;o__Ochrophyta;f__Ochrophyta;g__Bolidomonas;__	0.0001375526773876994
d__Eukaryota;p__MAST-1;c__MAST-1A;o__MAST-1A;f__MAST-1A;g__MAST-1A;__	0.00013135324340786742
d__Eukaryota;p__Chytridiomycota;c__Chytridiomycetes;__;__;__;__	0.0001276034970693157
d__Eukaryota;p__Bryozoa;c__Gymnolaemata;o__Cheilostomatida;f__Cheilostomatida;g__Cheilostomatida;__	0.000125249967026216
d__Eukaryota;p__Cercozoa;c__Thecofilosea;o__Thecofilosea;f__Thecofilosea;g__uncultured;s__uncultured_marine	0.000123152562769427
d__Eukaryota;p__Picozoa;c__Picomonadida;o__Picomonadida;f__Picomonadida;g__Picomonadida;s__uncultured_eukaryote	0.00012024031272319559
d__Eukaryota;p__Nucleariidae_and_Fonticula_group;c__Nucleariidae_and_Fonticula_group;o__Nucleariidae_and_Fonticula_group;f__Nucleariidae;g__Nuclearia;s__uncultured_eukaryote	0.00011580371698066637
d__Eukaryota;p__Nemertea;c__Enopla;o__Monostilifera;f__Monostilifera;g__Monostilifera;__	0.00011545815578170647
d__Eukaryota;p__Cercozoa;c__Imbricatea;o__Marimonadida;f__Marimonadida;g__NAMAKO-15;s__uncultured_marine	0.00010974416727657889
d__Eukaryota;p__Arthropoda;c__Maxillopoda;o__Calanoida;f__Calanoida;g__Calanoida;s__Acartia_tonsa	0.0001092554785001071
d__Eukaryota;p__Retaria;c__Acantharia;o__Arthracanthida;f__Arthracanthida;g__Arthracanthida;__	0.0001079086079360208
d__Eukaryota;p__Labyrinthulomycetes;c__Labyrinthulomycetes;o__Labyrinthulomycetes;f__Thraustochytriaceae;g__Aplanochytrium;__	0.00010414452674907562
d__Eukaryota;p__Apicomplexa;c__Novel_Apicomplexa_Class_2;o__Novel_Apicomplexa_Class_2;f__Novel_Apicomplexa_Class_2;g__Novel_Apicomplexa_Class_2;__	0.00010377000591822914
d__Eukaryota;p__Cryptophyceae;c__Cryptophyceae;o__Cryptomonadales;f__Cryptomonadales;g__Cryptomonas;__	0.00010263473826463716
d__Eukaryota;p__Cercozoa;c__Glissomonadida;o__Glissomonadida;f__Glissomonadida;g__uncultured;__	9.994726031441665e-05
d__Eukaryota;p__MAST-3;c__MAST-3I;o__MAST-3I;f__MAST-3I;g__MAST-3I;__	9.787685631056377e-05
d__Eukaryota;p__Prymnesiophyceae;c__Coccolithales;o__Coccolithales;f__Coccolithales;__;__	9.742224859271671e-05
d__Eukaryota;p__Prymnesiophyceae;c__Prymnesiophyceae;o__Prymnesiales;f__Prymnesiales;g__Chrysochromulina;__	9.621036772112437e-05
d__Eukaryota;p__Ochrophyta;c__Chrysophyceae;o__uncultured;f__uncultured;g__uncultured;s__Chrysophyceae_sp.	9.370136216692385e-05
d__Eukaryota;p__Holozoa;c__Choanoflagellida;o__Acanthoecida;f__Stephanoecidae;g__Stephanoecidae;s__uncultured_eukaryote	9.362954707613348e-05
d__Eukaryota;p__Vertebrata;c__Actinopterygii;o__Teleostei;f__Teleostei;g__Teleostei;s__Dicentrarchus_labrax	9.212559010977313e-05
d__Eukaryota;p__Euglenozoa;c__Kinetoplastea;o__Neobodonida;f__Neobodonida;g__Neobodo;__	8.673942166506594e-05
d__Eukaryota;p__Cercozoa;c__Thecofilosea;o__Cryomonadida;f__Protaspidae;__;__	8.606502091650073e-05
d__Eukaryota;p__Arthropoda;c__Maxillopoda;o__Harpacticoida;f__Harpacticoida;g__Harpacticoida;__	8.381219134632449e-05
d__Eukaryota;p__Chlorophyta;c__Mamiellophyceae;__;__;__;__	8.270825489272883e-05
d__Eukaryota;p__Arthropoda;c__Maxillopoda;o__Calanoida;f__Calanoida;g__Calanoida;__	8.15893403317114e-05
d__Eukaryota;p__Ochrophyta;c__Phaeophyceae;o__Dictyotales;f__Dictyotales;__;__	8.065081022887704e-05
d__Eukaryota;p__Cercozoa;c__Imbricatea;o__Imbricatea;f__Euglyphida;g__Paulinella;__	8.057125631199734e-05
d__Eukaryota;p__Holozoa;c__Filasterea;o__Ministeriida;f__Capsasporidae;g__Marine_Group;__	7.910844353913328e-05
d__Eukaryota;p__Euglenozoa;c__Diplonemea;o__Diplonemea;f__Diplonemea;g__Diplonemea;s__Diplonemida_sp.	7.648934716050116e-05
d__Eukaryota;p__Chlorophyta;c__Ulvophyceae;o__Ulvophyceae;f__Ulvophyceae;g__Ulvophyceae;__	7.572422041047844e-05
d__Eukaryota;p__Hemichordata;c__Enteropneusta;o__Enteropneusta;__;__;__	7.355755492713707e-05
d__Eukaryota;p__Cercozoa;c__Thecofilosea;o__Cryomonadida;f__Ventrifissuridae;g__Ventrifissuridae;s__uncultured_eukaryote	7.307605028135918e-05
d__Eukaryota;p__Cercozoa;c__Imbricatea;o__Imbricatea;f__Euglyphida;g__Paulinella;s__uncultured_Paulinella	7.306738924775841e-05
d__Eukaryota;p__Euglenozoa;c__Kinetoplastea;o__Prokinetoplastina;f__Prokinetoplastina;g__Ichthyobodo;s__uncultured_eukaryote	6.929030382986265e-05
d__Eukaryota;p__SAR;c__Labyrinthulomycetes;o__Labyrinthulomycetes;f__Labyrinthulomycetes;g__Sorodiplophrys;s__uncultured_freshwater	6.778012637094961e-05
d__Eukaryota;p__Arthropoda;c__Maxillopoda;o__Calanoida;f__Calanoida;g__Calanoida;s__Pseudodiaptomus_euryhalinus	6.441269344982268e-05
d__Eukaryota;p__Ascomycota;c__Dothideomycetes;o__Dothideales;f__Aureobasidiaceae;__;__	6.246007736908654e-05
d__Eukaryota;p__Cercozoa;c__Thecofilosea;o__Ebriacea;f__Ebriacea;g__Ebria;__	6.103916627059683e-05
d__Eukaryota;p__Annelida;c__Polychaeta;o__Terebellida;f__Terebellida;g__Terebellida;__	5.98001619231967e-05
d__Eukaryota;p__Cercozoa;__;__;__;__;__	5.885415772991882e-05
d__Eukaryota;p__Chytridiomycota;c__Chytridiomycetes;o__Chytridiales;f__Chytriomycetaceae;__;__	5.84935716985933e-05
d__Eukaryota;p__Cryptophyceae;c__Cryptophyceae;o__Cryptophyceae;f__Cryptophyceae;g__Goniomonas;__	5.6738454524452965e-05
d__Eukaryota;p__Phragmoplastophyta;c__Embryophyta;o__Magnoliophyta;f__Magnoliophyta;g__Magnoliophyta;s__Gossypium_barbadense	5.468124503404865e-05
d__Eukaryota;p__Amoebozoa;c__Discosea;o__Stygamoebida;f__Stygamoebida;g__Stygamoebida;s__Stygamoeba_regulata	5.3834689001226746e-05
d__Eukaryota;p__Ochrophyta;c__Eustigmatophyceae;o__Eustigmatales;f__Eustigmatales;g__Nannochloropsis;__	5.341560556243188e-05
d__Eukaryota;p__Fornicata;c__Carpediomonas-like_organisms;o__Carpediomonas-like_organisms;f__Carpediomonas-like_organisms;g__Carpediomonas-like_organisms;s__Kipferlia_bialata	5.316488246408925e-05
d__Eukaryota;p__Protalveolata;c__Syndiniales;o__Syndiniales;f__Syndiniales;__;__	5.2875177376094564e-05
d__Eukaryota;p__Retaria;c__Foraminifera;o__Tubothalamea;f__Miliolida;g__Miliolida;s__Laevipeneroplis_sp.	5.0623679621933525e-05
d__Eukaryota;p__Euglenozoa;c__Diplonemea;o__Diplonemea;f__Diplonemea;g__Diplonema;s__Diplonema_papillatum	4.940804997786777e-05
d__Eukaryota;p__Protalveolata;c__Perkinsidae;o__A31;f__A31;g__A31;s__uncultured_eukaryote	4.896549121940128e-05
d__Eukaryota;p__Holozoa;c__Choanoflagellida;o__Acanthoecida;f__Stephanoecidae;g__Stephanoeca;__	4.75177106555474e-05
d__Eukaryota;p__Cercozoa;c__Novel_Clade_10;o__Novel_Clade_10;f__Novel_Clade_10;g__Novel_Clade_10;s__uncultured_Cercozoa	4.6835640294934174e-05
d__Eukaryota;p__Chlorophyta;c__Mamiellophyceae;o__Mamiellales;f__Mamiellales;g__Micromonas;s__Micromonas_pusilla	4.647377361153786e-05
d__Eukaryota;p__Cercozoa;c__Vampyrellidae;o__Vampyrellidae;f__Vampyrellidae;g__uncultured;s__Hyalodiscus_sp.	4.582023746210687e-05
d__Eukaryota;p__Labyrinthulomycetes;c__uncultured;o__uncultured;f__uncultured;g__uncultured;s__Oblongichytrium_sp.	4.578019739492476e-05
d__Eukaryota;p__Platyhelminthes;c__Trematoda;o__Azygiida;f__Azygiida;g__Azygiida;__	4.510487267388993e-05
d__Eukaryota;p__Peronosporomycetes;c__Peronosporomycetes;o__Peronosporomycetes;f__Peronosporomycetes;g__Peronosporomycetes;s__Paralagenidium_sp.	4.4663590543495136e-05
d__Eukaryota;p__Mollusca;__;__;__;__;__	4.3790281706916996e-05
d__Eukaryota;p__Ochrophyta;c__Chrysophyceae;o__Ochromonadales;f__Ochromonadales;g__Paraphysomonas;__	4.3353934691851895e-05
d__Eukaryota;p__Cryptomycota;c__LKM11;o__LKM11;f__LKM11;g__LKM11;s__uncultured_eukaryote	4.0338998810897406e-05
d__Eukaryota;p__Echinodermata;c__Asteroidea;o__Asteroidea;f__Asteroidea;g__Asteroidea;__	3.857075218401677e-05
d__Eukaryota;p__Ochrophyta;c__Eustigmatophyceae;o__Eustigmatales;f__Eustigmatales;g__uncultured;s__uncultured_eukaryote	3.738322224980783e-05
d__Eukaryota;p__uncultured;c__uncultured;o__uncultured;f__uncultured;g__uncultured;s__uncultured_marine	3.66071684895773e-05
d__Eukaryota;p__MAST-3;c__MAST-3A;o__MAST-3A;f__MAST-3A;g__MAST-3A;__	3.5777828962754336e-05
d__Eukaryota;p__Protalveolata;c__Incertae_Sedis;o__Ellobiopsidae;f__Ellobiopsidae;g__Ellobiopsis;s__uncultured_eukaryote	3.5444042338304054e-05
d__Eukaryota;p__Cercozoa;c__Thecofilosea;__;__;__;__	3.39537382042418e-05
d__Eukaryota;p__Chytridiomycota;c__Chytridiomycetes;o__Rhizophydiales;f__Rhizophydiaceae;g__Rhizophydium;s__uncultured_Chytridiomycota	3.2271577457726916e-05
d__Eukaryota;p__Ochrophyta;c__Pelagophyceae;o__Pelagophyceae;f__Pelagophyceae;g__Pelagophyceae;s__uncultured_eukaryote	3.187948806790354e-05
d__Eukaryota;p__Kathablepharidae;c__Kathablepharidae;o__Kathablepharidae;f__Kathablepharidae;g__uncultured;s__uncultured_Katablepharidaceae	3.1533277394042765e-05
d__Eukaryota;p__Basidiomycota;__;__;__;__;__	3.152391798536381e-05
d__Eukaryota;p__Holozoa;c__Choanoflagellida;o__Codosigidae;f__Codosigidae;g__Lagenoeca;s__uncultured_marine	3.061003130069101e-05
d__Eukaryota;p__Cercozoa;c__Glissomonadida;o__Glissomonadida;f__Glissomonadida;g__Allantion;s__uncultured_Thaumatomonadida	3.0259544301949042e-05
d__Eukaryota;p__Cercozoa;c__Imbricatea;o__Imbricatea;f__Thaumatomonadida;g__uncultured;s__Thaumatomastix_sp.	2.9876320577079913e-05
d__Eukaryota;p__Ascomycota;c__Taphrinomycetes;o__Taphrinales;f__Taphrinaceae;g__Taphrina;__	2.9658953014270787e-05
d__Eukaryota;p__Cercozoa;c__Phytomyxea;o__Phytomyxea;f__Phytomyxea;g__Woronina;s__uncultured_Plasmodiophoridae	2.7597152321337665e-05
d__Eukaryota;p__Kathablepharidae;c__Kathablepharidae;o__Kathablepharidae;f__Kathablepharidae;g__Leucocryptos;s__uncultured_eukaryote	2.727383339074696e-05
d__Eukaryota;p__Euglenozoa;c__Kinetoplastea;o__Neobodonida;f__Neobodonida;g__Neobodo;s__Neobodo_designis	2.7137492368657233e-05
d__Eukaryota;p__Porifera;c__Demospongiae;__;__;__;__	2.516956891790215e-05
d__Eukaryota;p__Cercozoa;c__Imbricatea;o__Imbricatea;f__Thaumatomonadida;g__D2P04A09;s__uncultured_marine	2.46200203119696e-05
d__Eukaryota;p__Cryptomycota;c__uncultured;o__uncultured;f__uncultured;g__uncultured;s__uncultured_eukaryote	2.449545257360315e-05
d__Eukaryota;p__MAST-7;c__MAST-7D;o__MAST-7D;f__MAST-7D;g__MAST-7D;__	2.3961017512117343e-05
d__Eukaryota;p__Porifera;c__Demospongiae;o__Haplosclerida;f__Haplosclerida;g__Haplosclerida;s__Haliclona_sp.	2.371940859365724e-05
d__Eukaryota;p__Chytridiomycota;c__Chytridiomycetes;o__Chytridiales;f__Chytridiaceae;g__Chytridium;s__Chytridium_polysiphoniae	2.3033552302192114e-05
d__Eukaryota;p__Mucoromycota;c__Glomeromycetes;o__Diversisporales;f__Diversisporaceae;g__Diversispora;__	2.2366221005425233e-05
d__Eukaryota;p__MAST-12;c__MAST-12A;o__MAST-12A;f__MAST-12A;g__MAST-12A;s__uncultured_stramenopile	2.2187787256863757e-05
d__Eukaryota;p__Protalveolata;c__Syndiniales;o__Syndiniales;f__Syndiniales;g__Syndiniales;s__uncultured_eukaryote	2.1785308857784917e-05
d__Eukaryota;p__Ancyromonadida;c__Ancyromonadida;o__Ancyromonadida;f__Ancyromonadida;g__Ancyromonas;__	2.119229678266754e-05
d__Eukaryota;p__Gastrotricha;c__Gastrotricha;o__Chaetonotida;f__Chaetonotida;g__Chaetonotida;s__Chaetonotus_sp.	1.9304428105868447e-05
d__Eukaryota;p__MAST-7;c__MAST-7B;o__MAST-7B;f__MAST-7B;g__MAST-7B;__	1.8825888804688204e-05
d__Eukaryota;p__Tunicata;c__Appendicularia;o__Copelata;f__Oikopleuridae;g__Oikopleuridae;s__uncultured_eukaryote	1.8777537152029596e-05
d__Eukaryota;p__Cercozoa;c__Thecofilosea;o__Cryomonadida;f__Ventrifissuridae;g__Ventrifissuridae;s__uncultured_Cercozoa	1.764967033779562e-05
d__Eukaryota;p__Chytridiomycota;c__Chytridiomycetes;o__Lobulomycetales;f__Lobulomycetaceae;g__uncultured;s__Lobulomycetales_sp.	1.7188325036038953e-05
d__Eukaryota;p__Cryptophyceae;c__Cryptophyceae;o__Cryptomonadales;f__Cryptomonadales;g__Geminigera;s__Geminigera_cryophila	1.6751255252262126e-05
d__Eukaryota;p__Holozoa;c__Choanoflagellida;o__Acanthoecida;f__Stephanoecidae;g__Calliacantha;s__Calliacantha_natans	1.646971028379524e-05
d__Eukaryota;p__Peronosporomycetes;c__Peronosporomycetes;o__Peronosporomycetes;f__Peronosporomycetes;g__Peronosporomycetes;s__Haliphthoros_sp.	1.64526975636963e-05
d__Eukaryota;p__Chytridiomycota;c__Chytridiomycetes;o__Rhizophydiales;f__Kappamycetaceae;g__Kappamycetaceae;s__uncultured_Chytridiomycota	1.616525748400511e-05
d__Eukaryota;p__Cnidaria;c__Anthozoa;o__Actiniaria;f__Actiniaria;g__Actiniaria;__	1.5625632784655184e-05
d__Eukaryota;p__Cercozoa;c__Imbricatea;o__Marimonadida;f__Marimonadida;g__BB01-173;s__Abollifer_globosa	1.5252501393303694e-05
d__Eukaryota;p__Nematozoa;c__Chromadorea;o__Monhysterida;f__Monhysterida;g__Monhysterida;s__Monhysteridae_environmental	1.4712955133076768e-05
d__Eukaryota;p__Basidiomycota;c__Exobasidiomycetes;o__Exobasidiales;f__Exobasidiales;g__Acaromyces;s__Acaromyces_ingoldii	1.4481060022924513e-05
d__Eukaryota;p__Peronosporomycetes;c__Peronosporomycetes;o__Peronosporomycetes;f__Peronosporomycetes;g__Olpidiopsis;s__Haliphthoros_sp.	1.4289160298485032e-05
d__Eukaryota;p__Porifera;c__Demospongiae;o__Suberitida;f__Suberitida;g__Suberitida;__	1.4124690880008717e-05
d__Eukaryota;p__Prymnesiophyceae;c__Prymnesiophyceae;o__Prymnesiophyceae;f__Prymnesiophyceae;g__Phaeocystis;__	1.4101278279635268e-05
d__Eukaryota;p__Holozoa;c__Choanoflagellida;o__Acanthoecida;f__Acanthoecidae;__;__	1.4085587065979192e-05
d__Eukaryota;p__MAST-3;__;__;__;__;__	1.3855764132852868e-05
d__Eukaryota;p__Bicosoecida;c__Bicosoecida;o__Bicosoecida;f__Bicosoecida;g__Bicosoeca;s__Licmophora_sp.	1.354430207536742e-05
d__Eukaryota;p__Ochrophyta;c__Dictyochophyceae;o__Dictyochales;f__Dictyochales;g__Dictyocha;s__uncultured_eukaryote	1.339184146808104e-05
d__Eukaryota;p__Ochrophyta;c__Raphidophyceae;o__Chattonellales;f__Chattonellales;g__Fibrocapsa;s__Fibrocapsa_japonica	1.3179438490202255e-05
d__Eukaryota;p__Chytridiomycota;c__Chytridiomycetes;o__Polychytriales;f__Incertae_Sedis;g__Incertae_Sedis;__	1.2931794939647209e-05
d__Eukaryota;p__Protalveolata;c__Syndiniales;o__Syndiniales;f__Syndiniales;g__Duboscquella;s__Euduboscquella_crenulata	1.285434050045872e-05
d__Eukaryota;p__Pavlovophyceae;c__Pavlovophyceae;o__Pavlovophyceae;f__Pavlovophyceae;__;__	1.2369512383300684e-05
d__Eukaryota;p__Rhodellophyceae;c__Rhodellophyceae;o__Rhodellophyceae;f__Rhodellophyceae;g__Neorhodella;s__Neorhodella_cyanea	1.1749764086484492e-05
d__Eukaryota;p__Protalveolata;c__Colpodellida;o__Colpodellida;f__Colpodellida;g__Colpodellida;__	1.1595330036711547e-05
d__Eukaryota;p__Apusomonadidae;c__Apusomonadidae;o__Apusomonadidae;f__Apusomonadidae;g__Apusomonas;__	1.1556846306530573e-05
d__Eukaryota;p__Holozoa;c__Choanoflagellida;o__Craspedida;f__Salpingoecidae;g__Salpingoeca;s__uncultured_eukaryote	1.1433106038379875e-05
d__Eukaryota;p__Ochrophyta;c__Chrysomerophyceae;o__Chrysomerophyceae;f__Chrysomerophyceae;g__Chrysomerophyceae;s__Chrysowaernella_hieroglyphica	1.1416209422641647e-05
d__Eukaryota;p__Chlorophyta;c__Mamiellophyceae;o__Mamiellophyceae;f__Mamiellophyceae;g__Dolichomastix;__	1.0657608628148458e-05
d__Eukaryota;p__Cercozoa;c__Cercozoa;o__Cercozoa;f__Cercozoa;g__Gromia;s__Gromia_oviformis	1.0559365491586245e-05
d__Eukaryota;p__Cnidaria;c__Hydrozoa;__;__;__;__	1.0369633501621702e-05
d__Eukaryota;p__Annelida;c__Polychaeta;o__Spionida;f__Spionida;g__Spionida;__	1.0268444252283907e-05
d__Eukaryota;p__Chlorophyta;__;__;__;__;__	9.757113377749848e-06
d__Eukaryota;p__Cercozoa;c__Imbricatea;o__Imbricatea;f__Thaumatomonadida;g__Allas;s__Reckertia_gemma	9.751385820669008e-06
d__Eukaryota;p__Bicosoecida;c__Bicosoecida;o__Bicosoecida;f__Bicosoecida;g__Cafeteria;s__uncultured_eukaryote	9.614241198297862e-06
d__Eukaryota;p__Porifera;c__Demospongiae;o__Tetractinellida;f__Tetractinellida;g__Tetractinellida;__	9.612891862461879e-06
d__Eukaryota;p__Bicosoecida;c__CH1-2B-3;o__CH1-2B-3;f__CH1-2B-3;g__CH1-2B-3;s__uncultured_stramenopile	9.1762624863456e-06
d__Eukaryota;p__Incertae_Sedis;c__Incertae_Sedis;o__Incertae_Sedis;f__Incertae_Sedis;g__Telonema;__	9.052764490231142e-06
d__Eukaryota;p__Holozoa;c__Choanoflagellida;o__Craspedida;f__Salpingoecidae;g__Salpingoeca;s__Salpingoeca_urceolata	9.018280565760843e-06
d__Eukaryota;p__Ochrophyta;c__Chrysophyceae;o__Chromulinales;f__Chromulinales;__;__	8.657094348405176e-06
d__Eukaryota;p__Cercozoa;c__Chlorarachniophyta;o__Chlorarachniophyta;f__Chlorarachniophyta;g__uncultured;s__uncultured_Cercozoa	8.388919222407913e-06
d__Eukaryota;p__Compsopogonales;c__Compsopogonales;o__Compsopogonales;f__Compsopogonales;__;__	8.13611797055275e-06
d__Eukaryota;p__MAST-12;c__MAST-12;o__MAST-12;f__MAST-12;g__MAST-12;s__uncultured_stramenopile	8.061316885253941e-06
d__Eukaryota;p__Bicosoecida;c__CH1-2B-3;o__CH1-2B-3;f__CH1-2B-3;g__CH1-2B-3;s__metagenome	8.035900924696624e-06
d__Eukaryota;p__MAST-3;c__MAST-3I;o__MAST-3I;f__MAST-3I;g__MAST-3I;s__uncultured_stramenopile	7.984599711848048e-06
d__Eukaryota;p__Holozoa;c__Ichthyosporea;o__Rhinosporideacae;f__Rhinosporideacae;g__Rhinosporideacae;__	7.86115896952653e-06
d__Eukaryota;p__Aphelidea;c__Aphelidea;o__Aphelidea;f__Aphelidea;g__Paraphelidium;__	7.838935091746417e-06
d__Eukaryota;p__Protalveolata;c__Syndiniales;o__Syndiniales;f__Syndiniales_Group_II;g__Syndiniales_Group_II;s__uncultured_marine	7.499783143781328e-06
d__Eukaryota;p__Euglenozoa;c__Euglenida;o__Euglenophyceae;f__Euglenea;g__Strombomonas;__	7.0532906570598625e-06
d__Eukaryota;p__Labyrinthulomycetes;c__Labyrinthulomycetes;o__Labyrinthulomycetes;f__Thraustochytriaceae;g__Thraustochytrium;s__Thraustochytrium_sp.	7.0436847916922915e-06
d__Eukaryota;p__Chytridiomycota;c__Chytridiomycetes;o__Cladochytriales;f__Nowakowskiellaceae;g__Nowakowskiella;s__Nowakowskiella_elegans	6.8869526429508405e-06
d__Eukaryota;p__Retaria;c__Acantharia;o__Chaunocanthida;f__Chaunocanthida;g__Chaunocanthida;s__uncultured_eukaryote	6.791920399981136e-06
d__Eukaryota;p__Nemertea;c__Anopla;o__Palaeonemertea;f__Palaeonemertea;g__Palaeonemertea;s__Nemertean_sp.	6.7385910460311014e-06
d__Eukaryota;p__Bicosoecida;c__Bicosoecida;o__Bicosoecida;f__Bicosoecida;g__Bicosoecida;s__uncultured_stramenopile	6.72365937055928e-06
d__Eukaryota;p__Arthropoda;c__Maxillopoda;o__Cyclopoida;f__Cyclopoida;g__Cyclopoida;s__Cyclopina_gracilis	6.7198017278016045e-06
d__Eukaryota;p__Peronosporomycetes;c__Peronosporomycetes;o__Peronosporomycetes;f__Peronosporomycetes;g__Phytophthora;s__Phytophthora_infestans	6.516598893825596e-06
d__Eukaryota;p__Apicomplexa;c__Conoidasida;o__Gregarinasina;f__Eugregarinorida;g__Psychodiella;s__Psychodiella_sp.	6.293622350437272e-06
d__Eukaryota;p__Labyrinthulomycetes;c__uncultured;o__uncultured;f__uncultured;g__uncultured;s__uncultured_marine	6.290942998734562e-06
d__Eukaryota;p__Apicomplexa;c__Novel_Apicomplexa_Class_1;o__Novel_Apicomplexa_Class_1;f__Novel_Apicomplexa_Class_1;g__Novel_Apicomplexa_Class_1;s__uncultured_eukaryote	6.188444997994648e-06
d__Eukaryota;p__Annelida;c__Polychaeta;o__Sabellida;f__Sabellida;g__Sabellida;s__Laonome_sp.	6.102688144355347e-06
d__Eukaryota;p__Holozoa;c__Choanoflagellida;o__Acanthoecida;f__Stephanoecidae;g__Stephanoeca;s__Stephanoeca_diplocostata	5.926210002336066e-06
d__Eukaryota;p__Cercozoa;c__Cercozoa;o__Cercozoa;f__Cercozoa;g__Cercozoa;s__Trachyrhizium_urniformis	5.566761166037445e-06
d__Eukaryota;p__MAST-9;c__MAST-9A;o__MAST-9A;f__MAST-9A;g__MAST-9A;s__uncultured_eukaryote	5.332881491571553e-06
d__Eukaryota;p__Arthropoda;c__Maxillopoda;o__Calanoida;f__Calanoida;g__Calanoida;s__Pseudodiaptomus_inopinus	5.296552731987795e-06
d__Eukaryota;p__Labyrinthulomycetes;c__Labyrinthulomycetes;o__Labyrinthulomycetes;f__Thraustochytriaceae;g__Labyrinthuloides;s__Thraustochytriidae_sp.	5.214338335528676e-06
d__Eukaryota;p__Ochrophyta;c__Xanthophyceae;__;__;__;__	5.151615074739173e-06
d__Eukaryota;p__Cercozoa;c__Cercozoa;o__Cercozoa;f__Cercozoa;g__Cercozoa;s__Athalamea_environmental	5.056497764263139e-06
d__Eukaryota;p__Cercozoa;c__Imbricatea;o__Imbricatea;f__Thaumatomonadida;g__Allas;__	4.899574556081005e-06
d__Eukaryota;p__Vertebrata;c__Actinopterygii;o__Teleostei;f__Teleostei;g__Teleostei;__	4.842983685547874e-06
d__Eukaryota;p__Holozoa;c__Choanoflagellata;o__Choanoflagellata;f__Choanoflagellata;g__Choanoflagellata;s__Syssomonas_multiformis	4.820224653419984e-06
d__Eukaryota;p__Arthropoda;c__Maxillopoda;o__Poecilostomatoida;f__Poecilostomatoida;g__Poecilostomatoida;__	4.76380096894213e-06
d__Eukaryota;p__Holozoa;c__Choanoflagellida;o__Codosigidae;f__Codosigidae;__;__	4.671135415846269e-06
d__Eukaryota;p__Porifera;c__Demospongiae;o__Poecilosclerida;f__Poecilosclerida;g__Poecilosclerida;s__Crambe_crambe	4.670075298992204e-06
d__Eukaryota;p__Holozoa;c__Choanoflagellida;o__Acanthoecida;f__Stephanoecidae;g__Bicosta;s__uncultured_eukaryote	4.5570254840457875e-06
d__Eukaryota;p__Holozoa;c__Ichthyosporea;o__Abeoformidae;f__Abeoformidae;__;__	4.243868078424621e-06
d__Eukaryota;p__Euglenozoa;c__Kinetoplastea;o__Eubodonida;f__Eubodonida;g__Bodo;__	4.193961999156789e-06
d__Eukaryota;p__Bicosoecida;c__Bicosoecida;o__Bicosoecida;f__Bicosoecida;g__Bicosoeca;s__Bicosoeca_vacillans	4.155574524320168e-06
d__Eukaryota;p__Annelida;c__Polychaeta;o__Sabellida;f__Sabellida;g__Sabellida;__	4.116909192836778e-06
d__Eukaryota;p__Cercozoa;c__Thecofilosea;o__Cryomonadida;__;__;__	4.109124617774245e-06
d__Eukaryota;p__Porifera;c__Demospongiae;o__Suberitida;f__Suberitida;g__Suberitida;s__Terpios_aploos	4.0503879538105225e-06
d__Eukaryota;p__Cercozoa;c__Imbricatea;o__Imbricatea;f__Thaumatomonadida;g__Gyromitus;__	4.022024041684897e-06
d__Eukaryota;p__Mollusca;c__Bivalvia;o__Ostreoida;f__Ostreoida;g__Ostreoida;__	3.996403714795743e-06
d__Eukaryota;p__Cercozoa;c__Imbricatea;o__Imbricatea;f__Euglyphida;g__Paulinella;s__Paulinella_chromatophora	3.6792181914364726e-06
d__Eukaryota;p__Amoebozoa;c__Discosea;o__Vannellida;f__Vannellida;g__Platyamoeba;s__Vannella_sp.	3.6415016632496875e-06
d__Eukaryota;p__Ascomycota;c__Leotiomycetes;o__Helotiales;__;__;__	3.6338351844882234e-06
d__Eukaryota;p__Protalveolata;c__Protalveolata;o__Protalveolata;f__Protalveolata;g__Oxyrrhis;__	3.5728507267066435e-06
d__Eukaryota;p__Arthropoda;c__Ellipura;o__Collembola;f__Collembola;g__Collembola;__	3.542328601559249e-06
d__Eukaryota;p__MAST-8;c__MAST-8;o__MAST-8;f__MAST-8;g__MAST-8;__	3.540686450782636e-06
d__Eukaryota;p__Ochrophyta;c__MOCH-2;o__MOCH-2;f__MOCH-2;g__MOCH-2;s__uncultured_marine	3.4226972922538183e-06
d__Eukaryota;p__Kathablepharidae;c__Kathablepharidae;o__Kathablepharidae;f__Kathablepharidae;g__Katablepharis;s__uncultured_marine	3.3143816898236006e-06
d__Eukaryota;p__Chlorophyta;c__Mamiellophyceae;o__Dolichomastigales;f__Dolichomastigales;g__Crustomastix;__	3.2078843434088347e-06
d__Eukaryota;p__Cercozoa;c__Cercomonadidae;o__Cercomonadidae;f__Cercomonadidae;g__Cercomonadidae;s__metagenome	3.1816403257511465e-06
d__Eukaryota;p__Florideophycidae;c__Rhodymeniophycidae;o__Rhodymeniophycidae;f__Rhodymeniophycidae;g__Peyssonnelia;__	3.1083894476633684e-06
d__Eukaryota;p__Florideophycidae;c__Corallinophycidae;o__Corallinophycidae;f__Corallinophycidae;g__Corallinophycidae;__	3.0443225126971443e-06
d__Eukaryota;p__Ochrophyta;c__Dictyochophyceae;o__Pedinellales;f__Pedinellales;g__Pedinellales;s__uncultured_eukaryote	3.0160501763585964e-06
d__Eukaryota;p__Retaria;c__Polycystinea;o__Nassellaria;f__Nassellaria;g__Pseudocubus;s__uncultured_eukaryote	2.9847809010152765e-06
d__Eukaryota;p__Cercozoa;c__Imbricatea;o__Imbricatea;f__Thaumatomonadida;g__uncultured;__	2.9706148904694604e-06
d__Eukaryota;p__Ochrophyta;c__Chrysophyceae;o__Synurales;f__Synurales;g__Mallomonas;__	2.9273531366805067e-06
d__Eukaryota;p__Annelida;c__Polychaeta;o__Sabellida;f__Sabellida;g__Sabellida;s__Neosabellaria_cementarium	2.7616294558540597e-06
d__Eukaryota;p__Basidiomycota;c__Agaricostilbomycetes;o__Agaricostilbales;__;__;__	2.721040718449833e-06
d__Eukaryota;p__Phragmoplastophyta;c__Embryophyta;o__Pinophyta;f__Pinophyta;g__Pinophyta;__	2.39845873460096e-06
d__Eukaryota;p__Chlorophyta;c__Chlorophyceae;o__Chlorophyceae;f__Chlorophyceae;g__Chlorophyceae;s__uncultured_Chlorophyta	2.3821252900479248e-06
d__Eukaryota;p__Nematozoa;c__Chromadorea;o__Chromadorida;f__Chromadorida;g__Chromadorida;s__uncultured_eukaryote	2.361519488462867e-06
d__Eukaryota;p__Cryptomycota;c__Incertae_Sedis;o__Incertae_Sedis;f__Incertae_Sedis;g__Paramicrosporidium;s__uncultured_eukaryote	2.3499378969077724e-06
d__Eukaryota;p__Cryptomycota;c__Incertae_Sedis;o__Incertae_Sedis;f__Incertae_Sedis;g__Paramicrosporidium;__	2.24046359556334e-06
d__Eukaryota;p__Annelida;c__Clitellata;o__Haplotaxida;f__Haplotaxida;g__Haplotaxida;__	2.21507867099405e-06
d__Eukaryota;p__Peronosporomycetes;c__Peronosporomycetes;o__Peronosporomycetes;f__Peronosporomycetes;g__Peronosporomycetes;__	1.9418061364001375e-06
d__Eukaryota;p__Echinodermata;c__Holothuroidea;o__Holothuroidea;f__Holothuroidea;g__Holothuroidea;__	1.921540461294484e-06
d__Eukaryota;p__Ochrophyta;c__Dictyochophyceae;o__Pedinellales;f__Pedinellales;g__Pseudopedinella;s__uncultured_dictyochophyte	1.918539183971992e-06
d__Eukaryota;p__Chlorophyta;c__Ulvophyceae;o__Ulvophyceae;f__Ulvophyceae;g__Ulvophyceae;s__uncultured_eukaryote	1.917798233235878e-06
d__Eukaryota;p__Xenacoelomorpha;c__Acoela;o__Acoela;f__Acoela;g__Acoela;s__Mecynostomum_auritum	1.8040429704870143e-06
d__Eukaryota;p__Ochrophyta;c__Chrysophyceae;o__Chrysophyceae;f__Chrysophyceae;g__Chrysophyceae;s__uncultured_Ochromonas	1.7784831615267116e-06
d__Eukaryota;p__Nematozoa;c__Chromadorea;o__Monhysterida;f__Monhysterida;g__Monhysterida;__	1.7146405068094419e-06
d__Eukaryota;p__Apicomplexa;c__Conoidasida;o__Gregarinasina;f__Archigregarinorida;g__Selenidium;__	1.7081794819658852e-06
d__Eukaryota;p__Centrohelida;c__Centrohelida;o__Centrohelida;f__Acanthocystidae;g__Pterocystis;s__metagenome	1.6539655428949025e-06
d__Eukaryota;p__MAST-3;c__MAST-3J;o__MAST-3J;f__MAST-3J;g__MAST-3J;s__uncultured_marine	1.6348763454109654e-06
d__Eukaryota;p__Chlorophyta;c__Mamiellophyceae;o__Mamiellophyceae;f__Mamiellophyceae;g__Dolichomastix;s__uncultured_eukaryote	1.577065817422741e-06
d__Eukaryota;p__Peronosporomycetes;c__Peronosporomycetes;o__Peronosporomycetes;f__Peronosporomycetes;g__Haliphthoros;__	1.566673774252946e-06
d__Eukaryota;p__Cercozoa;c__Vampyrellidae;o__Vampyrellidae;f__Vampyrellidae;g__uncultured;s__uncultured_marine	1.4629141176818068e-06
d__Eukaryota;p__Chaetognatha;c__Sagittoidea;o__Aphragmophora;f__Aphragmophora;g__Aphragmophora;s__Sagitta_sp.	1.4531860650940434e-06
d__Eukaryota;p__Basidiomycota;c__Microbotryomycetes;o__Sporidiobolales;f__Sporidiobolaceae;g__Rhodotorula;__	1.4177532988236809e-06
d__Eukaryota;p__Apicomplexa;c__Conoidasida;o__Gregarinasina;f__Gregarinasina;g__Gregarinasina;s__uncultured_eukaryote	1.413411034784081e-06
d__Eukaryota;p__Holozoa;c__Choanoflagellida;o__uncultured;f__uncultured;g__uncultured;s__uncultured_eukaryote	1.3979873330468825e-06
d__Eukaryota;p__Ochrophyta;c__Raphidophyceae;o__Chattonellales;f__Chattonellales;__;__	1.3842510985516822e-06
d__Eukaryota;p__MAST-6;c__MAST-6;o__MAST-6;f__MAST-6;g__MAST-6;s__uncultured_marine	1.3824982688529414e-06
d__Eukaryota;p__Picozoa;c__Picozoa;o__Picozoa;f__Picozoa;g__Picozoa;__	1.3752589926838437e-06
d__Eukaryota;p__Arthropoda;c__Maxillopoda;o__Harpacticoida;f__Harpacticoida;g__Harpacticoida;s__Tigriopus_japonicus	1.2596767704036186e-06
d__Eukaryota;p__Euglenozoa;c__Euglenida;o__Heteronematina;f__Heteronematina;g__Petalomonas;s__uncultured_Sphenomonadales	1.2498979588664028e-06
d__Eukaryota;p__Ochrophyta;c__Chrysophyceae;o__Chrysocapsales;f__Chrysocapsales;g__Chrysocapsa;__	1.2479125496429038e-06
d__Eukaryota;p__MAST-8;c__MAST-8D;o__MAST-8D;f__MAST-8D;g__MAST-8D;__	1.230370137381354e-06
d__Eukaryota;p__Holozoa;c__Choanoflagellida;o__Acanthoecida;f__Acanthoecidae;g__Acanthoecidae;__	1.2178013853617052e-06
d__Eukaryota;p__Cercozoa;c__Imbricatea;o__Marimonadida;f__Marimonadida;g__Pseudopirsonia;s__uncultured_eukaryote	1.1313539746226198e-06
d__Eukaryota;p__Apicomplexa;c__Conoidasida;o__Gregarinasina;f__Eugregarinorida;g__Gregarina;s__Heterocapsaceae_environmental	1.0996649773137649e-06
d__Eukaryota;p__MAST-3;c__MAST-3F;o__MAST-3F;f__MAST-3F;g__MAST-3F;s__uncultured_stramenopile	1.0923390358079895e-06
d__Eukaryota;p__Cercozoa;c__Ascetosporea;o__Ascetosporea;f__Paradiniidae;g__Paradinium;s__uncultured_marine	1.0303084289763941e-06
d__Eukaryota;p__Amoebozoa;c__Discosea;o__Dactylopodida;f__Dactylopodida;g__Dactylopodida;s__Parvamoeba_rugata	1.0063665742130312e-06
d__Eukaryota;p__Cryptomycota;__;__;__;__;__	9.73813586222877e-07
d__Eukaryota;p__Platyhelminthes;c__Rhabditophora;o__Polycladida;f__Polycladida;g__Polycladida;__	9.713999096325988e-07
d__Eukaryota;p__Ascomycota;c__Dothideomycetes;o__Capnodiales;f__Mycosphaerellaceae;__;__	9.310306710197944e-07
d__Eukaryota;p__Holozoa;c__Choanoflagellida;o__Codonosigidae;f__Codonosigidae;g__Monosiga;__	9.220955614388763e-07
d__Eukaryota;p__Chlorophyta;c__Prasinophytae;o__Pseudoscourfieldiales;f__Pseudoscourfieldiales;g__Prasinoderma;__	9.153624668443292e-07
d__Eukaryota;p__Holozoa;c__Choanoflagellida;o__Codonosigidae;f__Codonosigidae;__;__	8.665873780648269e-07
d__Eukaryota;p__Ochrophyta;c__Chrysophyceae;o__uncultured;f__uncultured;g__uncultured;s__uncultured_freshwater	8.303927909737991e-07
d__Eukaryota;p__Echinodermata;c__Ophiuroidea;o__Ophiuroidea;f__Ophiuroidea;g__Ophiuroidea;__	8.292695522827814e-07
d__Eukaryota;p__Cercozoa;c__Chlorarachniophyta;o__Chlorarachniophyta;f__Chlorarachniophyta;__;__	8.191332029628711e-07
d__Eukaryota;p__Florideophycidae;c__Nemaliophycidae;o__Nemaliophycidae;f__Nemaliophycidae;g__Nemaliophycidae;__	7.63385543496627e-07
d__Eukaryota;p__Cryptophyceae;c__Cryptophyceae;o__Cryptomonadales;f__Cryptomonadales;g__Cryptomonadales;s__Hanusia_phi	7.633090597976415e-07
d__Eukaryota;p__Blastocladiomycota;c__Blastocladiomycetes;o__Blastocladiales;f__Blastocladiaceae;g__Allomyces;s__Allomyces_macrogynus	7.570256647100252e-07
d__Eukaryota;p__Chlorophyta;c__Trebouxiophyceae;o__Trebouxiophyceae;f__Trebouxiophyceae;g__Trebouxiophyceae;s__Heterochlorella_luteoviridis	7.569379955980705e-07
d__Eukaryota;p__Ochrophyta;c__Chrysophyceae;o__Chrysophyceae;f__Chrysophyceae;g__Chrysophyceae;__	7.468211985211062e-07
d__Eukaryota;p__Euglenozoa;c__Euglenida;o__Euglenophyceae;f__Euglenaceae;g__Euglena;s__Euglenaria_anabaena	7.453634700204234e-07
d__Eukaryota;p__Holozoa;c__Choanoflagellida;o__Craspedida;f__Salpingoecidae;g__Salpingoeca;s__Salpingoeca_infusionum	6.956045391607588e-07
d__Eukaryota;p__Porifera;c__Demospongiae;o__Haplosclerida;f__Haplosclerida;g__Haplosclerida;__	6.750141246109511e-07
d__Eukaryota;p__Protalveolata;c__Colpodellida;o__Colpodellida;f__Colpodellida;g__Colpodellida;s__Voromonas_pontica	6.695751669930697e-07
d__Eukaryota;p__Holozoa;c__Choanoflagellida;o__Codosigidae;f__Codosigidae;g__Lagenoeca;s__uncultured_eukaryote	6.528022934020428e-07
d__Eukaryota;p__Retaria;c__Foraminifera;o__Tubothalamea;f__Miliolida;g__Amphisorus;__	5.999379135066142e-07
d__Eukaryota;p__Holozoa;c__Choanoflagellida;o__Acanthoecida;f__Stephanoecidae;g__Stephanoecidae;__	5.930497099616419e-07
d__Eukaryota;p__Arthropoda;c__Maxillopoda;o__Cyclopoida;f__Cyclopoida;g__Cyclopoida;s__uncultured_eukaryote	5.348284198698694e-07
d__Eukaryota;p__Cercozoa;c__Phytomyxea;o__Phytomyxea;f__Phytomyxea;g__Maullinia;s__Maullinia_ectocarpi	5.275068883424573e-07
d__Eukaryota;p__Holozoa;__;__;__;__;__	5.234567864051813e-07
d__Eukaryota;p__Bicosoecida;c__Bicosoecida;o__Bicosoecida;f__Bicosoecida;g__Paramonas;s__uncultured_freshwater	5.095748287139469e-07
d__Eukaryota;p__Euglenozoa;c__Euglenida;o__Euglenophyceae;f__Phacaceae;g__Lepocinclis;s__Lepocinclis_acus	5.000800141767788e-07
d__Eukaryota;p__Ochrophyta;c__Chrysophyceae;o__P34.45;f__P34.45;g__P34.45;__	4.781090768027622e-07
d__Eukaryota;p__Cercozoa;c__Imbricatea;o__Marimonadida;f__Marimonadida;g__Pseudopirsonia;s__uncultured_Cercozoa	4.6893442679069977e-07
d__Eukaryota;p__Holozoa;c__Choanoflagellida;o__Acanthoecida;f__Stephanoecidae;g__Marine_Choanoflagellates_1;__	4.6566043983511827e-07
d__Eukaryota;p__Amoebozoa;c__Discosea;o__Dactylopodida;f__Dactylopodida;g__Korotnevella;__	4.507057509932769e-07
d__Eukaryota;p__Amoebozoa;c__Tubulinea;o__Euamoebida;f__Euamoebida;g__BOLA868;s__uncultured_Hartmannellidae	4.4586388377891154e-07
d__Eukaryota;p__Ochrophyta;c__Dictyochophyceae;o__Dictyochophyceae;f__Dictyochophyceae;g__Dictyochophyceae;s__uncultured_eukaryote	4.311073737752272e-07
d__Eukaryota;p__Phragmoplastophyta;c__Embryophyta;o__Pinophyta;f__Pinophyta;g__Pinophyta;s__Pinus_taeda	4.0798842569534363e-07
d__Eukaryota;p__Ochrophyta;c__Phaeophyceae;o__Fucales;f__Fucales;g__Fucus;s__Fucus_distichus	3.901761453914361e-07
d__Eukaryota;p__Nematozoa;c__Chromadorea;o__Chromadorida;f__Chromadorida;g__Chromadorida;s__Chromadorita_leuckarti	3.8054031408869834e-07
d__Eukaryota;p__Apusomonadidae;c__Apusomonadidae;o__Apusomonadidae;f__Apusomonadidae;g__Amastigomonas;s__metagenome	3.739543041865774e-07
d__Eukaryota;p__Ochrophyta;c__Phaeophyceae;o__Ectocarpales;f__Ectocarpales;g__Ectocarpales;s__uncultured_eukaryote	3.6913833486975336e-07
d__Eukaryota;p__uncultured;c__uncultured;o__uncultured;f__uncultured;g__uncultured;s__uncultured_freshwater	3.4321449000522063e-07
d__Eukaryota;p__Retaria;c__RAD_B;o__RAD_B;f__RAD_B;g__RAD_B;__	3.4059048400667914e-07
d__Eukaryota;p__Basidiomycota;c__Malasseziomycetes;o__Malasseziales;f__Malasseziaceae;g__Malassezia;__	3.343895007566039e-07
d__Eukaryota;p__Euglenozoa;c__Kinetoplastea;o__Parabodonida;f__Parabodonida;g__Parabodonida;__	3.2770242954369867e-07
d__Eukaryota;p__Ascomycota;c__Leotiomycetes;o__Helotiales;f__Incertae_Sedis;g__Tetracladium;__	3.2002473143256023e-07
d__Eukaryota;p__Discoba;c__Discoba;o__Jakobida;f__Jakobida;g__Andalucia;s__uncultured_Jakobida	3.195585692401598e-07
d__Eukaryota;p__Apicomplexa;c__Conoidasida;o__Gregarinasina;f__Eugregarinorida;g__Lankesteria;s__uncultured_eukaryote	3.1711692840484596e-07
d__Eukaryota;p__Chlorophyta;c__Chlorophyceae;o__Chaetopeltidales;f__Chaetopeltidales;__;__	3.0768132854902014e-07
d__Eukaryota;p__Incertae_Sedis;c__Incertae_Sedis;o__Incertae_Sedis;f__Incertae_Sedis;g__Pirsonia;s__Pirsonia_verrucosa	2.7509514461049014e-07
d__Eukaryota;p__MAST-11;c__MAST-11;o__MAST-11;f__MAST-11;g__MAST-11;__	2.6360697217171337e-07
d__Eukaryota;p__Euglenozoa;c__Diplonemea;o__Diplonemea;f__Diplonemea;g__SCM38C39_marine_group;s__uncultured_eukaryote	2.6205328024374287e-07
d__Eukaryota;p__Labyrinthulomycetes;c__uncultured;o__uncultured;f__uncultured;g__uncultured;s__uncultured_eukaryote	2.4662408320944807e-07
d__Eukaryota;p__Bicosoecida;c__Bicosoecida;o__Bicosoecida;f__Bicosoecida;g__Caecitellus;__	2.4615214868969173e-07
d__Eukaryota;p__Basidiomycota;c__Agaricomycetes;o__Agaricales;f__Marasmiaceae;g__uncultured;s__uncultured_eukaryote	2.3136507458810878e-07
d__Eukaryota;p__Ochrophyta;c__Chrysophyceae;o__Synurales;f__Synurales;g__Synura;__	2.2381053917925466e-07
d__Eukaryota;p__Chytridiomycota;c__Chytridiomycetes;o__Rhizophydiales;f__uncultured;g__uncultured;s__uncultured_fungus	2.0929765500285815e-07
d__Eukaryota;p__Cercozoa;c__Novel_Clade_10;o__Novel_Clade_10;f__Novel_Clade_10;g__Novel_Clade_10;__	1.953669056960937e-07
d__Eukaryota;p__Basidiomycota;c__Microbotryomycetes;__;__;__;__	1.942799819261645e-07
d__Eukaryota;p__Chytridiomycota;c__Chytridiomycetes;o__Rhizophydiales;f__Rhizophydiaceae;g__Rhizophydiaceae;s__uncultured_Chytridiomycota	1.8885274606158224e-07
d__Eukaryota;p__MAST-7;__;__;__;__;__	1.8636306061783612e-07
d__Eukaryota;p__Cercozoa;c__Cercomonadidae;o__Cercomonadidae;f__Cercomonadidae;g__Cercomonas;__	1.8537257035054438e-07
d__Eukaryota;p__Euglenozoa;c__Kinetoplastea;o__Prokinetoplastina;f__Prokinetoplastina;g__Ichthyobodo;__	1.718778186089234e-07
d__Eukaryota;p__Ascomycota;c__Dothideomycetes;o__Dothideales;__;__;__	1.697730035310363e-07
d__Eukaryota;p__Euglenozoa;c__Kinetoplastea;o__Neobodonida;f__Neobodonida;g__Neobodonida;s__Rhynchobodo_sp.	1.6335559691226366e-07
d__Eukaryota;p__Protalveolata;c__Syndiniales;o__Syndiniales;f__Syndiniales;g__Hematodinium;__	1.630098761936569e-07
d__Eukaryota;p__Zoopagomycota;c__Basidiobolomycetes;o__Basidiobolales;f__Basidiobolaceae;g__Schizangiella;s__Schizangiella_serpentis	1.6187428467929298e-07
d__Eukaryota;p__Cercozoa;c__Thecofilosea;o__Thecofilosea;f__Thecofilosea;g__uncultured;s__metagenome	1.4951627407620333e-07
d__Eukaryota;p__Centrohelida;c__Centrohelida;o__Centrohelida;f__Heterophryidae;g__Heterophryidae;s__Oxnerella_micra	1.437580759258677e-07
d__Eukaryota;p__Platyhelminthes;c__Rhabditophora;o__Prolecithophora;f__Prolecithophora;g__Prolecithophora;__	1.3844099451499783e-07
d__Eukaryota;p__Ascomycota;c__Dothideomycetes;o__Pleosporales;f__Pleosporales;__;__	1.371712405449743e-07
d__Eukaryota;p__Annelida;c__Polychaeta;o__Scolecida;f__Orbiniidae;g__Orbiniidae;__	1.3697003029975992e-07
d__Eukaryota;p__Cryptomycota;c__Incertae_Sedis;o__Incertae_Sedis;f__Incertae_Sedis;g__Rozella;s__uncultured_fungus	1.3542774780680436e-07
d__Eukaryota;p__Ascomycota;c__Saccharomycetes;o__Saccharomycetales;f__Saccharomycodaceae;g__Hanseniaspora;__	1.3464047301235637e-07
d__Eukaryota;p__Cercozoa;c__Imbricatea;o__Imbricatea;f__Thaumatomonadida;g__Gyromitus;s__Thaumatomastigidae_environmental	1.2181316932389458e-07
d__Eukaryota;p__Holozoa;c__Choanoflagellida;o__Craspedida;f__Craspedida;g__Craspedida;s__uncultured_Eimeriidae	1.1593408986005531e-07
d__Eukaryota;p__Aphelidea;c__Aphelidea;o__Aphelidea;f__Aphelidea;g__Paraphelidium;s__uncultured_eukaryote	1.0986763171246395e-07
d__Eukaryota;p__Cryptomycota;c__LKM11;o__LKM11;f__LKM11;g__LKM11;s__uncultured_fungus	1.0867416527496589e-07
d__Eukaryota;p__Euglenozoa;c__Kinetoplastea;o__Neobodonida;f__Neobodonida;g__Rhynchobodo;__	1.0031685022742469e-07
d__Eukaryota;p__Euglenozoa;c__Kinetoplastea;o__Neobodonida;f__Neobodonida;__;__	9.903425205978021e-08
d__Eukaryota;p__Chytridiomycota;c__Chytridiomycetes;o__Lobulomycetales;f__Lobulomycetaceae;__;__	9.859972878363327e-08
d__Eukaryota;p__Holozoa;c__Choanoflagellida;o__Codosigidae;f__Codosigidae;g__Lagenoeca;__	9.473422762824476e-08
d__Eukaryota;p__Euglenozoa;c__Euglenida;o__Euglenophyceae;f__Euglenaceae;g__Euglena;s__Euglena_sp.	9.057346668512287e-08
d__Eukaryota;p__Chlorophyta;c__Prasinophytae;o__Pseudoscourfieldiales;f__Pseudoscourfieldiales;g__Prasinoderma;s__prasinophyte_sp.	9.044811641751619e-08
d__Eukaryota;p__Ochrophyta;c__Raphidophyceae;o__Raphidophyceae;f__Raphidophyceae;g__Raphidophyceae;s__uncultured_stramenopile	8.737420831904334e-08
d__Eukaryota;p__Arthropoda;c__Malacostraca;o__Peracarida;f__Peracarida;g__Peracarida;__	7.863678748419679e-08
d__Eukaryota;p__Incertae_Sedis;c__Incertae_Sedis;o__Incertae_Sedis;f__Incertae_Sedis;g__Incertae_Sedis;s__metagenome	7.453634700203214e-08
d__Eukaryota;p__LKM15;c__LKM15;o__LKM15;f__LKM15;g__LKM15;s__uncultured_eukaryote	7.289852102535001e-08
d__Eukaryota;p__Labyrinthulomycetes;c__Labyrinthulomycetes;o__Labyrinthulomycetes;f__Thraustochytriaceae;g__Thraustochytrium;__	6.553065623675887e-08
d__Eukaryota;p__Cryptomycota;c__Incertae_Sedis;o__Incertae_Sedis;f__Incertae_Sedis;g__Rozella;s__Amoeboradix_gromovi	6.456683614420573e-08
d__Eukaryota;p__Cercozoa;c__Phytomyxea;o__Phytomyxea;f__Phytomyxea;g__uncultured;s__Spongospora_subterranea	6.272262700989297e-08
d__Eukaryota;p__Euglenozoa;c__Kinetoplastea;o__Neobodonida;f__Neobodonida;g__Rhynchobodo;s__Rhynchobodo_sp.	6.123428745023077e-08
d__Eukaryota;p__Ascomycota;c__Lecanoromycetes;__;__;__;__	6.022353165797223e-08
d__Eukaryota;p__Ochrophyta;c__Chrysophyceae;o__Chromulinales;f__Chromulinales;g__Oikomonas;__	6.011073394236206e-08
d__Eukaryota;p__Cercozoa;c__Imbricatea;o__Marimonadida;f__Marimonadida;g__NAMAKO-15;__	5.997405429312786e-08
d__Eukaryota;p__Protalveolata;c__Syndiniales;o__Syndiniales;f__Syndiniales;g__Amoebophrya;s__Amoebophrya_sp.	5.5580289233794575e-08
d__Eukaryota;p__LKM15;c__LKM15;o__LKM15;f__LKM15;g__LKM15;s__metagenome	5.100596003234362e-08
d__Eukaryota;p__Ochrophyta;c__Chrysophyceae;o__Chromulinales;f__Chromulinales;g__Chrysochaete;s__Chrysochaete_britannica	4.96694455843985e-08
d__Eukaryota;p__Lophophorata;c__Phoroniformea;o__Phoroniformea;f__Phoroniformea;g__Phoroniformea;__	4.662719566223799e-08
d__Eukaryota;p__Chlorophyta;c__Chlorophyceae;o__Chlorophyceae;f__Chlorophyceae;g__Chlorophyceae;s__uncultured_Chlamydomonadales	4.613529118190918e-08
d__Eukaryota;p__Ochrophyta;c__Ochrophyta;o__Ochrophyta;f__Ochrophyta;g__Bolidomonas;s__uncultured_freshwater	4.597333392652884e-08
d__Eukaryota;p__Ascomycota;c__Dothideomycetes;o__Capnodiales;f__Cladosporiaceae;g__Cladosporium;__	4.228225712026958e-08
d__Eukaryota;p__Ascomycota;c__Dothideomycetes;o__Pleosporales;f__Phaeosphaeriaceae;__;__	4.198407728224101e-08
d__Eukaryota;p__Hyphochytriomycetes;c__Hyphochytriomycetes;o__Hyphochytriales;f__Hyphochytriales;__;__	4.1233644860206946e-08
d__Eukaryota;p__uncultured;c__uncultured;o__uncultured;f__uncultured;g__uncultured;s__metagenome	3.991308217614046e-08
d__Eukaryota;p__Vertebrata;__;__;__;__;__	3.851332024546864e-08
d__Eukaryota;p__Bicosoecida;c__Bicosoecida;o__Bicosoecida;f__Bicosoecida;g__Bicosoecida;s__Adriamonas_peritocrescens	3.7284847567427636e-08
d__Eukaryota;p__Xenacoelomorpha;c__Acoela;o__Acoela;f__Acoela;g__Acoela;s__Aphanastoma_virescens	3.702096215688262e-08
d__Eukaryota;p__Zoopagomycota;c__Entomophthoromycetes;o__Entomophthorales;f__Entomophthoraceae;__;__	3.6197304585415037e-08
d__Eukaryota;p__Nematozoa;c__Enoplea;o__Enoplida;f__Enoplida;g__Enoplida;__	3.5212178511061466e-08
d__Eukaryota;p__Cercozoa;c__Imbricatea;o__Imbricatea;f__Euglyphida;g__Euglypha;s__Euglypha_filifera	3.331886594020516e-08
d__Eukaryota;p__Holozoa;c__Choanoflagellida;o__Codonosigidae;f__Codonosigidae;g__Codonosigidae;s__metagenome	2.9974625782894585e-08
d__Eukaryota;p__Cercozoa;c__uncultured;o__uncultured;f__uncultured;g__uncultured;s__uncultured_Rhizaria	2.9275442988940074e-08
d__Eukaryota;p__Porifera;c__Demospongiae;o__Spongillida;f__Spongillida;g__Spongillida;__	2.9151993494129468e-08
d__Eukaryota;p__Ascomycota;c__Dothideomycetes;__;__;__;__	2.9124736105253085e-08
d__Eukaryota;p__Protalveolata;c__Perkinsidae;o__Perkinsidae;f__Perkinsidae;g__Parvilucifera;s__uncultured_freshwater	2.7912763499445632e-08
d__Eukaryota;p__Holozoa;c__Filasterea;o__Ministeriida;__;__;__	2.5209814634614037e-08
d__Eukaryota;p__Phragmoplastophyta;c__Embryophyta;o__Magnoliophyta;f__Magnoliophyta;g__Magnoliophyta;s__Cucumis_sativus	2.3261993054486057e-08
d__Eukaryota;p__Arthropoda;c__Malacostraca;o__Eucarida;f__Eucarida;g__Eucarida;__	2.2440078835721487e-08
d__Eukaryota;p__Euglenozoa;c__Diplonemea;o__Diplonemea;f__Diplonemea;g__Diplonema;s__Diplonema_sp.	2.242621510135453e-08
d__Eukaryota;p__Cercozoa;c__Cercomonadidae;o__Cercomonadidae;f__Cercomonadidae;g__uncultured;s__metagenome	2.2370908540452432e-08
d__Eukaryota;p__Labyrinthulomycetes;c__Labyrinthulomycetes;o__Labyrinthulomycetes;f__Thraustochytriaceae;g__Aplanochytrium;s__uncultured_eukaryote	2.184355207891962e-08
d__Eukaryota;p__uncultured;c__uncultured;o__uncultured;f__uncultured;g__uncultured;s__marine_metagenome	2.1317845590316226e-08
d__Eukaryota;p__Cryptophyceae;c__Cryptophyceae;o__Cryptomonadales;f__Cryptomonadales;g__Proteomonas;__	2.0666572013785688e-08
d__Eukaryota;p__Apicomplexa;c__Conoidasida;o__Gregarinasina;f__Eugregarinorida;g__Ascogregarina;__	1.9736297423850242e-08
d__Eukaryota;p__Bicosoecida;c__LG08-10;o__LG08-10;f__LG08-10;g__LG08-10;s__uncultured_freshwater	1.9606714171694164e-08
d__Eukaryota;p__MAST-3;c__MAST-3F;o__MAST-3F;f__MAST-3F;g__MAST-3F;__	1.881992763595223e-08
d__Eukaryota;p__Cercozoa;c__Cercozoa;o__Cercozoa;f__Cercozoa;g__Cyranomonas;s__uncultured_eukaryote	1.7430402877220527e-08
d__Eukaryota;p__Platyhelminthes;c__Rhabditophora;o__Macrostomida;f__Macrostomida;g__Macrostomida;s__Macrostomum_lignano	1.6652569879384473e-08
d__Eukaryota;p__Myxogastria;c__Myxogastria;o__Myxogastria;f__Myxogastria;g__Protophysarum;s__Protophysarum_sp.	1.6425136698001163e-08
d__Eukaryota;p__Apicomplexa;c__Novel_Apicomplexa_Class_1;o__Novel_Apicomplexa_Class_1;f__Novel_Apicomplexa_Class_1;g__Novel_Apicomplexa_Class_1;s__Foraminifera_environmental	1.600567343127091e-08
d__Eukaryota;p__Protalveolata;c__Perkinsidae;o__A31;f__A31;g__A31;s__uncultured_freshwater	1.568327302933556e-08
d__Eukaryota;p__Holozoa;c__Choanoflagellida;o__Clade_L;f__Clade_L;g__Clade_L;s__uncultured_Eimeriidae	1.553535315309209e-08
d__Eukaryota;p__Pavlovophyceae;c__Pavlovophyceae;o__Pavlovophyceae;f__Pavlovophyceae;g__Diacronema;__	1.5507090833025203e-08
d__Eukaryota;p__Cercozoa;c__Imbricatea;o__Marimonadida;f__Marimonadida;g__Pseudopirsonia;__	1.4570998643587976e-08
d__Eukaryota;p__Porifera;c__Calcarea;o__Clathrinida;f__Clathrinida;g__Clathrinida;__	1.4094085708118493e-08
d__Eukaryota;p__MAST-12;c__MAST-12;o__MAST-12;f__MAST-12;g__MAST-12;s__uncultured_eukaryote	1.3717124055704387e-08
d__Eukaryota;p__Kathablepharidae;c__Kathablepharidae;o__Kathablepharidae;f__Kathablepharidae;g__uncultured;__	1.3327546376081136e-08
d__Eukaryota;p__Euglenozoa;c__Kinetoplastea;o__Incertae_Sedis;f__Incertae_Sedis;g__Hemistasia;s__uncultured_eukaryote	1.3327546376018141e-08
d__Eukaryota;p__Chytridiomycota;c__Chytridiomycetes;o__Chytridiales;__;__;__	1.3290335473437346e-08
d__Eukaryota;p__Cercozoa;c__Vampyrellidae;o__Vampyrellidae;f__Vampyrellidae;g__Vampyrellidae;__	1.3173949344645292e-08
d__Eukaryota;p__Platyhelminthes;c__Trematoda;o__Plagiorchiida;f__Plagiorchiida;g__Plagiorchiida;__	1.3049696648659459e-08
d__Eukaryota;p__Arthropoda;c__Maxillopoda;o__Pedunculata;f__Pedunculata;g__Pedunculata;__	1.1585785647425595e-08
d__Eukaryota;p__Arthropoda;c__Ostracoda;o__Podocopida;f__Podocopida;g__Podocopida;__	1.1037654574298299e-08
d__Eukaryota;p__Bicosoecida;c__uncultured;o__uncultured;f__uncultured;g__uncultured;s__uncultured_eukaryote	1.0973699243575204e-08
d__Eukaryota;p__Pavlovophyceae;c__Pavlovophyceae;o__Pavlovophyceae;f__Pavlovophyceae;g__Pavlova;__	1.0921776039469755e-08
d__Eukaryota;p__Cryptomycota;c__LKM11;o__LKM11;f__LKM11;g__LKM11;s__uncultured_Eimeriidae	1.0531712609488766e-08
d__Eukaryota;p__Basidiomycota;c__Tremellomycetes;o__Tremellales;__;__;__	1.0380167274310991e-08
d__Eukaryota;p__Cercozoa;c__Imbricatea;o__Imbricatea;f__Thaumatomonadida;__;__	1.0217456967591269e-08
d__Eukaryota;p__Euglenozoa;c__Kinetoplastea;o__Parabodonida;f__Parabodonida;g__Parabodo;s__Neobodo_curvifilus	1.0205714575036722e-08
d__Eukaryota;p__SAR;c__Labyrinthulomycetes;o__Labyrinthulomycetes;f__Labyrinthulomycetes;g__Sorodiplophrys;__	1.0086821969049645e-08
d__Eukaryota;p__Zoopagomycota;c__Basidiobolomycetes;o__Basidiobolales;f__Basidiobolaceae;g__Basidiobolus;__	9.63872675297336e-09
d__Eukaryota;p__Holozoa;c__Choanoflagellida;o__Craspedida;f__Salpingoecidae;g__Freshwater_Choanoflagellates_2;__	8.80304463045499e-09
d__Eukaryota;p__Picozoa;c__Picozoa;o__Picozoa;f__Picozoa;g__Picozoa;s__uncultured_eukaryote	8.715201438775855e-09
d__Eukaryota;p__Euglenozoa;c__Euglenida;o__Euglenophyceae;f__Euglenea;g__Euglenea;s__Trachelomonas_sp.	8.699797765731554e-09
d__Eukaryota;p__Holozoa;c__Choanoflagellida;o__Codonosigidae;f__Codonosigidae;g__Monosiga;s__uncultured_eukaryote	8.573202533190807e-09
d__Eukaryota;p__Arthropoda;c__Arachnida;o__Araneae;f__Araneae;g__Araneae;__	8.456451424032885e-09
d__Eukaryota;p__Prymnesiophyceae;c__Prymnesiophyceae;o__Prymnesiales;f__Prymnesiales;g__Prymnesium;__	8.41502956330419e-09
d__Eukaryota;p__Mollusca;c__Bivalvia;o__Limoida;f__Limoida;g__Limoida;__	8.306459671458916e-09
d__Eukaryota;p__Cercozoa;c__Imbricatea;o__Imbricatea;f__Euglyphida;g__Euglypha;__	8.278240930729851e-09
d__Eukaryota;p__Amoebozoa;c__Discosea;o__Stygamoebida;f__Stygamoebida;g__Vermistella;__	7.620624475348008e-09
d__Eukaryota;p__Cercozoa;c__uncultured;o__uncultured;f__uncultured;g__uncultured;s__metagenome	7.620624474705203e-09
d__Eukaryota;p__Arthropoda;c__Pycnogonida;o__Pantopoda;f__Pantopoda;g__Pantopoda;__	7.480026274789914e-09
d__Eukaryota;p__Cercozoa;c__Novel_Clade_Gran-4;o__Novel_Clade_Gran-4;f__Novel_Clade_Gran-4;g__Novel_Clade_Gran-4;__	7.430877794611714e-09
d__Eukaryota;p__Cercozoa;c__Glissomonadida;o__Glissomonadida;f__Glissomonadida;g__Glissomonadida;s__metagenome	5.748797844305361e-09
d__Eukaryota;p__MAST-3;c__MAST-3C;o__MAST-3C;f__MAST-3C;g__MAST-3C;s__uncultured_stramenopile	5.610019708866802e-09
d__Eukaryota;p__Porifera;c__Demospongiae;o__Haplosclerida;f__Haplosclerida;g__Haplosclerida;s__Callyspongia_plicifera	4.5193608458573e-18
d__Eukaryota;p__Prymnesiophyceae;c__Prymnesiophyceae;o__Prymnesiophyceae;f__Prymnesiophyceae;g__Phaeocystis;s__Haptophyta_environmental	4.444226003811601e-18
d__Eukaryota;p__Holozoa;c__Ichthyosporea;o__Abeoformidae;f__Abeoformidae;g__Pirum;s__uncultured_eukaryote	2.120359370668684e-18
d__Eukaryota;p__Amoebozoa;c__Tubulinea;o__Euamoebida;f__Euamoebida;g__Hartmannella;s__Nolandella_sp.	1.9745063733567145e-18
d__Eukaryota;p__Florideophycidae;c__Rhodymeniophycidae;o__Rhodymeniophycidae;f__Rhodymeniophycidae;__;__	1.273530630906776e-18
d__Eukaryota;p__Cercozoa;c__uncultured;o__uncultured;f__uncultured;g__uncultured;s__Gymnophrys_sp.	1.2591135101956556e-18
d__Eukaryota;p__Aphelidea;c__Aphelidea;o__Aphelidea;f__Aphelidea;g__uncultured;s__uncultured_Chytridiomycota	1.0396376375918178e-18
d__Eukaryota;p__MAST-7;c__MAST-7A;o__MAST-7A;f__MAST-7A;g__MAST-7A;s__uncultured_stramenopile	7.554681061173933e-19
d__Eukaryota;p__Amoebozoa;c__Tubulinea;o__Leptomyxida;f__Leptomyxida;__;__	6.295567550978278e-19
d__Eukaryota;p__Basidiomycota;c__Agaricomycetes;o__Thelephorales;__;__;__	5.068757987791311e-19
d__Eukaryota;p__Basidiomycota;c__Agaricomycetes;o__Corticiales;f__Corticiaceae;__;__	3.7089468630134524e-19
d__Eukaryota;p__Ochrophyta;c__MOCH-2;o__MOCH-2;f__MOCH-2;g__MOCH-2;s__uncultured_eukaryote	2.6271887632442653e-19
d__Eukaryota;p__Annelida;c__Polychaeta;o__Terebellida;f__Terebellida;g__Terebellida;s__Nicolea_zostericola	2.3205108334505576e-19
d__Eukaryota;p__Apicomplexa;c__Conoidasida;o__Gregarinasina;f__Eugregarinorida;g__Lecudina;s__Lecudina_pellucida	1.2509878825334915e-19
d__Eukaryota;p__Basidiomycota;c__Ustilaginomycetes;o__Ustilaginales;f__Ustilaginaceae;__;__	8.769549253541833e-20
d__Eukaryota;p__Cercozoa;c__Thecofilosea;o__Thecofilosea;f__Thecofilosea;g__uncultured;s__uncultured_Rhizaria	3.313061516669819e-20
d__Eukaryota;p__Ochrophyta;c__Eustigmatophyceae;o__Eustigmatales;f__Eustigmatales;g__phytoplankton;s__phytoplankton_environmental	3.00433506487172e-20
d__Eukaryota;p__Bicosoecida;c__Bicosoecida;o__Bicosoecida;f__Bicosoecida;g__Bicosoecida;s__uncultured_freshwater	2.3759803067771775e-20
d__Eukaryota;p__Cryptomycota;c__Incertae_Sedis;o__Incertae_Sedis;f__Incertae_Sedis;g__Rozella;s__Rozella_sp.	9.750681258444595e-21
d__Eukaryota;p__Cercozoa;c__Phytomyxea;o__Phytomyxea;f__Phytomyxea;g__Spongospora;s__Spongospora_subterranea	5.902094579042135e-21
d__Eukaryota;p__MAST-12;c__MAST-12C;o__MAST-12C;f__MAST-12C;g__MAST-12C;s__Stramenopile_sp.	4.829357894548765e-21
d__Eukaryota;p__Ochrophyta;c__Chrysophyceae;o__Ochromonadales;f__Ochromonadales;g__Ochromonas;s__uncultured_eukaryote	1.5467021128113132e-21
d__Eukaryota;p__Myxogastria;c__Myxogastria;o__Myxogastria;f__Myxogastria;g__Protophysarum;s__Lamproderma_scintillans	0.0
d__Eukaryota;p__Myxogastria;c__Myxogastria;o__Myxogastria;f__Myxogastria;g__Physarum;s__Physarum_compressum	0.0
d__Eukaryota;p__Nematozoa;c__Chromadorea;o__Chromadorida;f__Chromadorida;g__Chromadorida;s__Ptycholaimellus_sp.	0.0
d__Eukaryota;p__Nematozoa;c__Chromadorea;o__Chromadorida;f__Chromadorida;g__Chromadorida;s__Prodesmodora_circulata	0.0
d__Eukaryota;p__Nematozoa;c__Chromadorea;o__Chromadorida;f__Chromadorida;g__Chromadorida;s__Achromadora_ruricola	0.0
d__Eukaryota;p__Nematozoa;c__Chromadorea;o__Chromadorida;f__Chromadorida;g__Chromadorida;s__Paracanthonchus_caecus	0.0
d__Eukaryota;p__Nematozoa;c__Chromadorea;o__Desmodorida;f__Desmodorida;g__Desmodorida;__	0.0
d__Eukaryota;p__Nematozoa;c__Chromadorea;o__Desmodorida;f__Desmodorida;g__Desmodorida;s__Prodesmodora_sp.	0.0
d__Eukaryota;p__Mollusca;c__Bivalvia;o__Myoida;f__Myoida;g__Myoida;s__Cyrtopleura_costata	0.0
d__Eukaryota;p__NAMAKO-1;c__NAMAKO-1;o__NAMAKO-1;f__NAMAKO-1;g__NAMAKO-1;s__uncultured_eukaryote	0.0
d__Eukaryota;p__Nematozoa;c__Chromadorea;o__Tylenchida;f__Tylenchida;g__Tylenchida;s__Nematoda_environmental	0.0
d__Eukaryota;p__Nematozoa;c__Enoplea;o__Dorylaimia;f__Dorylaimida;g__Dorylaimida;__	0.0
d__Eukaryota;p__Nematozoa;c__Enoplea;o__Dorylaimia;f__Mermithida;g__Mermithida;s__Isomermis_lairdi	0.0
d__Eukaryota;p__Nematozoa;c__Chromadorea;o__Monhysterida;f__Monhysterida;g__Monhysterida;s__Theristus_acer	0.0
d__Eukaryota;p__Nematozoa;c__Chromadorea;o__Monhysterida;f__Monhysterida;g__Monhysterida;s__metagenome	0.0
d__Eukaryota;p__Nematozoa;c__Chromadorea;o__Monhysterida;f__Monhysterida;g__Monhysterida;s__uncultured_eukaryote	0.0
d__Eukaryota;p__Nematozoa;c__Chromadorea;o__Rhabditida;f__Rhabditida;g__Rhabditida;__	0.0
d__Eukaryota;p__Nematozoa;c__Chromadorea;o__Rhabditida;f__Rhabditida;g__Rhabditida;s__Halicephalobus_sp.	0.0
d__Eukaryota;p__Nematozoa;c__Chromadorea;o__Rhabditida;f__Rhabditida;g__Rhabditida;s__Nematoda_environmental	0.0
d__Eukaryota;p__Nematozoa;c__Chromadorea;o__Rhabditida;f__Rhabditida;g__Rhabditida;s__Panagrolaimus_cf.	0.0
d__Eukaryota;p__Nematozoa;c__Chromadorea;o__Rhabditida;f__Rhabditida;g__Rhabditida;s__Panagrolaimus_sp.	0.0
d__Eukaryota;p__Nematozoa;c__Chromadorea;o__Monhysterida;f__Monhysterida;g__Monhysterida;s__Daptonema_procerus	0.0
d__Eukaryota;p__Nematozoa;c__Chromadorea;o__Monhysterida;f__Monhysterida;g__Monhysterida;s__Daptonema_sp.	0.0
d__Eukaryota;p__Nematozoa;c__Chromadorea;o__Monhysterida;f__Monhysterida;g__Monhysterida;s__Diplolaimelloides_environmental	0.0
d__Eukaryota;p__Nematozoa;c__Enoplea;o__Dorylaimia;f__Mermithida;g__Mermithida;s__Limnomermis_sp.	0.0
d__Eukaryota;p__Nematozoa;c__Chromadorea;o__Monhysterida;f__Monhysterida;g__Monhysterida;s__Monhystera_sp.	0.0
d__Eukaryota;p__Nematozoa;c__Chromadorea;o__Monhysterida;f__Monhysterida;g__Monhysterida;s__Nematoda_environmental	0.0
d__Eukaryota;p__Ochrophyta;c__Chrysophyceae;o__Chromulinales;f__Chromulinales;g__Chrysamoeba;__	0.0
d__Eukaryota;p__Ochrophyta;c__Chrysophyceae;o__Chromulinales;f__Chromulinales;g__Poteriospumella;__	0.0
d__Eukaryota;p__Ochrophyta;c__Chrysophyceae;o__Chromulinales;f__Chromulinales;g__Spumella;__	0.0
d__Eukaryota;p__Ochrophyta;c__Chrysophyceae;o__Chromulinales;f__Chromulinales;g__Spumella;s__Ochromonadaceae_environmental	0.0
d__Eukaryota;p__Ochrophyta;c__Chrysophyceae;o__Chromulinales;f__Chromulinales;g__Spumella;s__Spumella-like_flagellate	0.0
d__Eukaryota;p__Ochrophyta;c__ANT37-16;o__ANT37-16;f__ANT37-16;g__ANT37-16;s__uncultured_stramenopile	0.0
d__Eukaryota;p__Ochrophyta;c__Chrysomerophyceae;o__Chrysomerophyceae;f__Chrysomerophyceae;g__Chrysomerophyceae;__	0.0
d__Eukaryota;p__Ochrophyta;c__Chrysomerophyceae;o__Chrysomerophyceae;f__Chrysomerophyceae;g__Chrysomerophyceae;s__Giraudyopsis_stellifera	0.0
d__Eukaryota;p__Ochrophyta;c__Chrysophyceae;o__Chromulinales;f__Chromulinales;g__Chromulina;__	0.0
d__Eukaryota;p__Ochrophyta;c__Chrysophyceae;o__Chromulinales;f__Chromulinales;g__Chromulina;s__Chromulina_chionophila	0.0
d__Eukaryota;p__Nemertea;c__Anopla;o__Palaeonemertea;f__Palaeonemertea;g__Palaeonemertea;s__Tubulanus_sexlineatus	0.0
d__Eukaryota;p__Neocallimastigomycota;c__Neocallimastigomycetes;o__Neocallimastigales;f__Neocallimastigaceae;g__uncultured;s__uncultured_fungus	0.0
d__Eukaryota;p__Nucleariidae_and_Fonticula_group;c__Nucleariidae_and_Fonticula_group;o__Nucleariidae_and_Fonticula_group;f__Nucleariidae;g__Nuclearia;s__metagenome	0.0
d__Eukaryota;p__Nematozoa;c__Chromadorea;o__Monhysterida;f__Monhysterida;g__Monhysterida;s__Metadesmolaimus_sp.	0.0
d__Eukaryota;p__Nematozoa;c__Chromadorea;__;__;__;__	0.0
d__Eukaryota;p__Nematozoa;c__Chromadorea;o__Araeolaimida;f__Araeolaimida;g__Araeolaimida;__	0.0
d__Eukaryota;p__Nematozoa;c__Chromadorea;o__Araeolaimida;f__Araeolaimida;g__Araeolaimida;s__Axonolaimus_sp.	0.0
d__Eukaryota;p__Nematozoa;c__Chromadorea;o__Chromadorida;f__Chromadorida;g__Chromadorida;__	0.0
d__Eukaryota;p__Mucoromycota;c__Incertae_Sedis;o__Mortierellales;f__Mortierellaceae;g__Mortierella;__	0.0
d__Eukaryota;p__Mucoromycota;c__Incertae_Sedis;o__Mortierellales;f__Mortierellaceae;g__Mortierella;s__uncultured_Eimeriidae	0.0
d__Eukaryota;p__Mucoromycota;c__Incertae_Sedis;o__Mucorales;__;__;__	0.0
d__Eukaryota;p__Mucoromycota;c__Incertae_Sedis;o__Mucorales;f__Rhizopodaceae;g__Rhizopus;__	0.0
d__Eukaryota;p__Myxogastria;c__Myxogastria;o__Myxogastria;f__Myxogastria;g__Badhamia;__	0.0
d__Eukaryota;p__Myxogastria;c__Myxogastria;o__Myxogastria;f__Myxogastria;g__Didymium;s__metagenome	0.0
d__Eukaryota;p__Myxogastria;c__Myxogastria;o__Myxogastria;f__Myxogastria;g__Lamproderma;__	0.0
d__Eukaryota;p__Myxogastria;c__Myxogastria;o__Myxogastria;f__Myxogastria;g__Physarum;__	0.0
d__Eukaryota;p__Mucoromycota;c__Glomeromycetes;o__Glomerales;f__Glomeraceae;g__Rhizophagus;s__Glomus_sp.	0.0
d__Eukaryota;p__Mucoromycota;c__Glomeromycetes;o__Glomerales;f__Glomeraceae;g__Rhizophagus;s__Rhizophagus_clarus	0.0
d__Eukaryota;p__Mucoromycota;c__Glomeromycetes;o__Glomerales;f__Glomeraceae;g__Rhizophagus;s__Rhizophagus_proliferus	0.0
d__Eukaryota;p__Nematozoa;c__Chromadorea;o__Tylenchida;f__Tylenchida;g__Tylenchida;s__Nacobbus_aberrans	0.0
d__Eukaryota;p__Mucoromycota;c__Glomeromycetes;o__Glomerales;f__uncultured;g__uncultured;s__Glomus_mycorrhizal	0.0
d__Eukaryota;p__Mucoromycota;c__Glomeromycetes;o__Glomerales;f__uncultured;g__uncultured;s__uncultured_fungus	0.0
d__Eukaryota;p__Mucoromycota;c__Glomeromycetes;o__uncultured;f__uncultured;g__uncultured;__	0.0
d__Eukaryota;p__Mucoromycota;c__Incertae_Sedis;o__Endogonales;f__Endogonaceae;g__Endogone;s__uncultured_fungus	0.0
d__Eukaryota;p__Mollusca;c__Bivalvia;o__Myoida;f__Myoida;g__Myoida;__	0.0
d__Eukaryota;p__Nematozoa;c__Enoplea;o__Enoplida;f__Enoplida;g__Enoplida;s__Phanoderma_sp.	0.0
d__Eukaryota;p__Nematozoa;c__Enoplea;o__Enoplida;f__Enoplida;g__Enoplida;s__Symplocostoma_sp.	0.0
d__Eukaryota;p__Nematozoa;c__Enoplea;o__Triplonchida;f__Triplonchida;g__Triplonchida;__	0.0
d__Eukaryota;p__Nematozoa;c__Enoplea;o__Triplonchida;f__Triplonchida;g__Triplonchida;s__Eutobrilus_grandipapillatus	0.0
d__Eukaryota;p__Nematozoa;c__Enoplea;o__Triplonchida;f__Triplonchida;g__Triplonchida;s__Nematoda_environmental	0.0
d__Eukaryota;p__Nematozoa;c__Enoplea;o__Triplonchida;f__Triplonchida;g__Triplonchida;s__Squillidae_environmental	0.0
d__Eukaryota;p__Nematozoa;c__Chromadorea;o__Rhabditida;f__Rhabditida;g__Rhabditida;s__Protorhabditis_sp.	0.0
d__Eukaryota;p__Nematozoa;c__Chromadorea;o__Tylenchida;f__Tylenchida;g__Tylenchida;__	0.0
d__Eukaryota;p__Nematozoa;c__Chromadorea;o__Tylenchida;f__Tylenchida;g__Tylenchida;s__Aphelenchoides_bicaudatus	0.0
d__Eukaryota;p__Nematozoa;c__Chromadorea;o__Tylenchida;f__Tylenchida;g__Tylenchida;s__Aphelenchoides_sp.	0.0
d__Eukaryota;p__Mucoromycota;c__Glomeromycetes;o__Glomerales;f__uncultured;g__uncultured;__	0.0
d__Eukaryota;p__Labyrinthulomycetes;c__Labyrinthulomycetes;o__Labyrinthulomycetes;f__Thraustochytriaceae;g__Thraustochytrium;s__Thraustochytrium_aff.	0.0
d__Eukaryota;p__Labyrinthulomycetes;c__Labyrinthulomycetes;o__Labyrinthulomycetes;f__Thraustochytriaceae;g__Thraustochytrium;s__Thraustochytriidae_sp.	0.0
d__Eukaryota;p__Arthropoda;c__Insecta;o__Hymenoptera;f__Hymenoptera;g__Hymenoptera;__	0.0
d__Eukaryota;p__Arthropoda;c__Insecta;o__Hemiptera;f__Hemiptera;g__Hemiptera;s__Acyrthosiphon_pisum	0.0
d__Eukaryota;p__Arthropoda;c__Insecta;o__Hemiptera;f__Hemiptera;g__Hemiptera;__	0.0
d__Eukaryota;p__Arthropoda;c__Insecta;o__Ephemeroptera;f__Ephemeroptera;g__Ephemeroptera;__	0.0
d__Eukaryota;p__Arthropoda;c__Insecta;o__Diptera;f__Diptera;g__Diptera;s__Liogma_simplicicornis	0.0
d__Eukaryota;p__Nucleariidae_and_Fonticula_group;c__Nucleariidae_and_Fonticula_group;o__Nucleariidae_and_Fonticula_group;f__Nucleariidae;g__Nuclearia;__	0.0
d__Eukaryota;p__Arthropoda;c__Insecta;o__Diptera;f__Diptera;g__Diptera;s__Drosophila_melanogaster	0.0
d__Eukaryota;p__Arthropoda;c__Insecta;o__Diptera;f__Diptera;g__Diptera;s__Dixella_cornuta	0.0
d__Eukaryota;p__Arthropoda;c__Insecta;o__Thysanoptera;f__Thysanoptera;g__Thysanoptera;__	0.0
d__Eukaryota;p__Arthropoda;c__Insecta;o__Psocoptera;f__Psocoptera;g__Psocoptera;s__Pteroxanium_insularum	0.0
d__Eukaryota;p__Arthropoda;c__Insecta;o__Psocoptera;f__Psocoptera;g__Psocoptera;__	0.0
d__Eukaryota;p__Arthropoda;c__Insecta;o__Plecoptera;f__Plecoptera;g__Plecoptera;s__Taeniopteryx_nivalis	0.0
d__Eukaryota;p__Arthropoda;c__Insecta;o__Plecoptera;f__Plecoptera;g__Plecoptera;__	0.0
d__Eukaryota;p__Arthropoda;c__Insecta;o__Orthoptera;f__Orthoptera;g__Orthoptera;__	0.0
d__Eukaryota;p__Arthropoda;c__Insecta;o__Diptera;f__Diptera;g__Diptera;s__Eucorethra_underwoodi	0.0
d__Eukaryota;p__LKM15;c__LKM15;o__LKM15;f__LKM15;g__LKM15;s__Mitosporidium_daphniae	0.0
d__Eukaryota;p__LKM15;c__LKM15;o__LKM15;f__LKM15;g__LKM15;__	0.0
d__Eukaryota;p__Labyrinthulomycetes;c__Labyrinthulomycetes;o__Labyrinthulomycetes;f__Thraustochytriaceae;__;__	0.0
d__Eukaryota;p__Labyrinthulomycetes;c__Labyrinthulomycetes;o__Labyrinthulomycetes;f__Labyrinthulomycetes;g__Labyrinthulomycetes;s__Stellarchytrium_dubum	0.0
d__Eukaryota;p__Labyrinthulomycetes;c__Labyrinthulomycetes;o__Labyrinthulomycetes;f__Labyrinthulomycetes;g__Labyrinthulomycetes;s__Oblongichytrium_sp.	0.0
d__Eukaryota;p__Labyrinthulomycetes;c__Labyrinthulomycetes;o__Labyrinthulomycetes;f__Labyrinthulaceae;g__Labyrinthula;s__Labyrinthula_zosterae	0.0
d__Eukaryota;p__Labyrinthulomycetes;c__Labyrinthulomycetes;o__Labyrinthulomycetes;f__Labyrinthulaceae;g__Labyrinthula;s__Labyrinthula_sp.	0.0
d__Eukaryota;p__Labyrinthulomycetes;c__Labyrinthulomycetes;o__Labyrinthulomycetes;f__Thraustochytriaceae;g__Thraustochytrium;s__Thraustochytrium_gaertnerium	0.0
d__Eukaryota;p__Labyrinthulomycetes;c__Labyrinthulomycetes;o__Labyrinthulomycetes;__;__;__	0.0
d__Eukaryota;p__Labyrinthulomycetes;c__Labyrinthulomycetes;o__Labyrinthulomycetes;f__Thraustochytriaceae;g__Schizochytrium;__	0.0
d__Eukaryota;p__Labyrinthulomycetes;c__Labyrinthulomycetes;o__Labyrinthulomycetes;f__Thraustochytriaceae;g__Parietichytrium;s__Parietichytrium_sp.	0.0
d__Eukaryota;p__Labyrinthulomycetes;c__Labyrinthulomycetes;o__Labyrinthulomycetes;f__Thraustochytriaceae;g__Labyrinthuloides;s__Ulkenia_aff.	0.0
d__Eukaryota;p__Labyrinthulomycetes;c__Labyrinthulomycetes;o__Labyrinthulomycetes;f__Thraustochytriaceae;g__Labyrinthuloides;s__Labyrinthulochytrium_arktikum	0.0
d__Eukaryota;p__Labyrinthulomycetes;c__Labyrinthulomycetes;o__Labyrinthulomycetes;f__Thraustochytriaceae;g__Labyrinthuloides;__	0.0
d__Eukaryota;p__Labyrinthulomycetes;c__Labyrinthulomycetes;o__Labyrinthulomycetes;f__Thraustochytriaceae;g__Aurantiochytrium;s__Aurantiochytrium_sp.	0.0
d__Eukaryota;p__Labyrinthulomycetes;c__Labyrinthulomycetes;o__Labyrinthulomycetes;f__Thraustochytriaceae;g__Thraustochytrium;s__Thraustochytrium_multirudimentale	0.0
d__Eukaryota;p__Labyrinthulomycetes;c__Labyrinthulomycetes;o__Labyrinthulomycetes;f__Amphitraemidae;g__Amphitraemidae;s__uncultured_Closterium	0.0
d__Eukaryota;p__Incertae_Sedis;c__Incertae_Sedis;o__Incertae_Sedis;f__Incertae_Sedis;g__Blastocystis;s__Blastocystis_pythoni	0.0
d__Eukaryota;p__Incertae_Sedis;c__Incertae_Sedis;o__Incertae_Sedis;f__Incertae_Sedis;g__Blastocystis;s__Blastocystis_hominis	0.0
d__Eukaryota;p__Incertae_Sedis;c__Incertae_Sedis;o__Incertae_Sedis;f__Incertae_Sedis;g__Arboramoeba;s__metagenome	0.0
d__Eukaryota;p__Incertae_Sedis;c__Incertae_Sedis;o__Incertae_Sedis;f__Incertae_Sedis;g__Arboramoeba;s__Arboramoeba_reticulata	0.0
d__Eukaryota;p__Incertae_Sedis;c__Incertae_Sedis;o__Incertae_Sedis;f__Incertae_Sedis;g__Pirsonia;s__Pirsonia_guinardiae	0.0
d__Eukaryota;p__Incertae_Sedis;c__Incertae_Sedis;o__Incertae_Sedis;f__Incertae_Sedis;g__Palpitomonas;s__uncultured_dinoflagellate	0.0
d__Eukaryota;p__Incertae_Sedis;c__Incertae_Sedis;o__Incertae_Sedis;f__Incertae_Sedis;g__Palpitomonas;s__Ancoracysta_twista	0.0
d__Eukaryota;p__Arthropoda;c__Insecta;o__Odonata;f__Odonata;g__Odonata;__	0.0
d__Eukaryota;p__Incertae_Sedis;c__Incertae_Sedis;o__Incertae_Sedis;f__Incertae_Sedis;g__Ischnamoeba;__	0.0
d__Eukaryota;p__Kathablepharidae;c__Kathablepharidae;o__Kathablepharidae;f__Kathablepharidae;g__Kathablepharidae;s__Roombia_truncata	0.0
d__Eukaryota;p__Incertae_Sedis;c__Incertae_Sedis;o__Incertae_Sedis;f__Incertae_Sedis;g__Telonema;s__uncultured_Telonemida	0.0
d__Eukaryota;p__Holozoa;c__Choanoflagellida;o__Craspedida;f__Salpingoecidae;g__Salpingoecidae;__	0.0
d__Eukaryota;p__Holozoa;c__Choanoflagellida;o__Craspedida;f__Salpingoecidae;g__Hartaetosiga;__	0.0
d__Eukaryota;p__Holozoa;c__Choanoflagellida;o__Craspedida;f__Salpingoecidae;__;__	0.0
d__Eukaryota;p__Holozoa;c__Filasterea;o__Ministeriida;f__Capsasporidae;g__Capsasporidae;s__Pigoraptor_chileana	0.0
d__Eukaryota;p__Holozoa;c__Choanoflagellida;o__Craspedida;f__Salpingoecidae;g__Salpingoecidae;s__uncultured_freshwater	0.0
d__Eukaryota;p__Incertae_Sedis;c__Incertae_Sedis;o__Incertae_Sedis;f__Incertae_Sedis;g__Mantamonas;s__Mantamonas_plastica	0.0
d__Eukaryota;p__Arthropoda;c__Insecta;o__Lepidoptera;f__Lepidoptera;g__Lepidoptera;__	0.0
d__Eukaryota;p__Arthropoda;c__Malacostraca;o__Peracarida;f__Peracarida;g__Peracarida;s__Asellus_racovitzai	0.0
d__Eukaryota;p__Arthropoda;c__Insecta;o__Trichoptera;f__Trichoptera;g__Trichoptera;__	0.0
d__Eukaryota;p__Arthropoda;c__Maxillopoda;o__Cyclopoida;f__Cyclopoida;g__Cyclopoida;s__Critomolgus_sp.	0.0
d__Eukaryota;p__Arthropoda;c__Maxillopoda;o__Copepoda;f__Copepoda;g__Copepoda;__	0.0
d__Eukaryota;p__Arthropoda;c__Maxillopoda;o__Calanoida;f__Calanoida;g__Calanoida;s__uncultured_metazoan	0.0
d__Eukaryota;p__Labyrinthulomycetes;c__Labyrinthulomycetes;o__Labyrinthulomycetes;f__Thraustochytriaceae;g__Thraustochytriaceae;s__Thraustochytriidae_sp.	0.0
d__Eukaryota;p__Incertae_Sedis;c__Incertae_Sedis;o__Incertae_Sedis;f__Incertae_Sedis;g__Blastocystis;s__Blastocystis_sp.	0.0
d__Eukaryota;p__Hyphochytriomycetes;c__Hyphochytriomycetes;o__Hyphochytriales;f__Hyphochytriales;g__Hyphochytriales;s__uncultured_stramenopile	0.0
d__Eukaryota;p__Hyphochytriomycetes;c__Hyphochytriomycetes;o__Hyphochytriales;f__Hyphochytriales;g__Hyphochytriales;s__uncultured_eukaryote	0.0
d__Eukaryota;p__Hyphochytriomycetes;c__Hyphochytriomycetes;o__Hyphochytriales;f__Hyphochytriales;g__Hyphochytriales;__	0.0
d__Eukaryota;p__Holozoa;c__Ichthyosporea;o__Rhinosporideacae;f__Rhinosporideacae;g__Rhinosporideacae;s__Amphibiocystidium_ranae	0.0
d__Eukaryota;p__Holozoa;c__Ichthyosporea;o__Rhinosporideacae;f__Rhinosporideacae;g__Dermocystidium;s__Dermocystidium_sp.	0.0
d__Eukaryota;p__Holozoa;c__Ichthyosporea;o__Rhinosporideacae;f__Rhinosporideacae;g__Dermocystidium;s__Dermocystidium_percae	0.0
d__Eukaryota;p__Incertae_Sedis;c__Incertae_Sedis;o__Incertae_Sedis;f__Incertae_Sedis;g__Incertae_Sedis;s__uncultured_eukaryote	0.0
d__Eukaryota;p__Incertae_Sedis;c__Incertae_Sedis;o__Incertae_Sedis;f__Incertae_Sedis;g__Colponema;s__Colponema_vietnamica	0.0
d__Eukaryota;p__Labyrinthulomycetes;c__Labyrinthulomycetes;o__Labyrinthulomycetes;f__Thraustochytriaceae;g__Thraustochytriaceae;s__Aurantiochytrium_sp.	0.0
d__Eukaryota;p__Mollusca;c__Gastropoda;o__Vetigastropoda;f__Vetigastropoda;g__Vetigastropoda;s__Lepetodrilus_elevatus	0.0
d__Eukaryota;p__MAST-3;c__MAST-3E;o__MAST-3E;f__MAST-3E;g__MAST-3E;s__uncultured_marine	0.0
d__Eukaryota;p__MAST-3;c__MAST-3D;o__MAST-3D;f__MAST-3D;g__MAST-3D;__	0.0
d__Eukaryota;p__MAST-3;c__MAST-3;o__MAST-3;f__MAST-3;g__MAST-3;s__uncultured_stramenopile	0.0
d__Eukaryota;p__MAST-3;c__MAST-3K;o__MAST-3K;f__MAST-3K;g__MAST-3K;__	0.0
d__Eukaryota;p__MAST-3;c__MAST-3J;o__MAST-3J;f__MAST-3J;g__MAST-3J;s__uncultured_eukaryote	0.0
d__Eukaryota;p__MAST-3;c__MAST-3I;o__MAST-3I;f__MAST-3I;g__MAST-3I;s__uncultured_eukaryote	0.0
d__Eukaryota;p__LKM15;c__LKM15;o__LKM15;f__LKM15;g__LKM15;s__uncultured_Eimeriidae	0.0
d__Eukaryota;p__MAST-8;c__MAST-8D;o__MAST-8D;f__MAST-8D;g__MAST-8D;s__Oblongichytrium_sp.	0.0
d__Eukaryota;p__MAST-8;c__MAST-8;o__MAST-8;f__MAST-8;g__MAST-8;s__uncultured_stramenopile	0.0
d__Eukaryota;p__Arthropoda;c__Maxillopoda;o__Calanoida;f__Calanoida;g__Calanoida;s__Centropages_furcatus	0.0
d__Eukaryota;p__Apusomonadidae;c__Apusomonadidae;o__Apusomonadidae;f__Apusomonadidae;g__Multimonas;__	0.0
d__Eukaryota;p__Apusomonadidae;c__Apusomonadidae;o__Apusomonadidae;f__Apusomonadidae;g__Apusomonas;s__metagenome	0.0
d__Eukaryota;p__Apusomonadidae;c__Apusomonadidae;o__Apusomonadidae;f__Apusomonadidae;g__Apusomonadidae;s__uncultured_eukaryote	0.0
d__Eukaryota;p__Apusomonadidae;c__Apusomonadidae;o__Apusomonadidae;f__Apusomonadidae;g__Apusomonadidae;s__metagenome	0.0
d__Eukaryota;p__Apusomonadidae;c__Apusomonadidae;o__Apusomonadidae;f__Apusomonadidae;g__Apusomonadidae;s__Planomonas_micra	0.0
d__Eukaryota;p__MAST-6;c__MAST-6;o__MAST-6;f__MAST-6;g__MAST-6;s__eukaryote_marine	0.0
d__Eukaryota;p__Mollusca;c__Bivalvia;o__Limoida;f__Limoida;g__Limoida;s__Limaria_hians	0.0
d__Eukaryota;p__Microsporidia;c__Microsporidia;o__Microsporidia;f__Microsporidia;g__Microsporidia;s__Lanatospora_costata	0.0
d__Eukaryota;p__Microsporidia;c__Microsporidia;o__Microsporidia;f__Microsporidia;g__Microsporidia;__	0.0
d__Eukaryota;p__Mollusca;c__Bivalvia;o__Solemyoida;f__Solemyoida;g__Solemyoida;__	0.0
d__Eukaryota;p__Mollusca;c__Bivalvia;o__Pterioida;f__Pterioida;g__Pterioida;s__Electroma_papilionacea	0.0
d__Eukaryota;p__Mollusca;c__Bivalvia;o__Pterioida;f__Pterioida;g__Pterioida;__	0.0
d__Eukaryota;p__Mollusca;c__Bivalvia;o__Nuculanoida;f__Nuculanoida;g__Nuculanoida;__	0.0
d__Eukaryota;p__Mollusca;c__Polyplacophora;o__Neoloricata;f__Neoloricata;g__Neoloricata;__	0.0
d__Eukaryota;p__Mollusca;c__Gastropoda;__;__;__;__	0.0
d__Eukaryota;p__Mollusca;c__Bivalvia;o__Veneroida;f__Veneroida;g__Veneroida;s__Parvicardium_minimum	0.0
d__Eukaryota;p__Mollusca;c__Bivalvia;o__Veneroida;f__Veneroida;g__Veneroida;s__Mercenaria_mercenaria	0.0
d__Eukaryota;p__Mucoromycota;c__Glomeromycetes;o__Glomerales;f__Glomeraceae;g__Rhizophagus;__	0.0
d__Eukaryota;p__Mucoromycota;c__Glomeromycetes;o__Diversisporales;f__Diversisporaceae;g__Diversispora;s__Diversispora_epigaea	0.0
d__Eukaryota;p__Mucoromycota;c__Glomeromycetes;o__Archaeosporales;f__Geosiphonaceae;g__Geosiphon;s__Geosiphon_pyriformis	0.0
d__Eukaryota;p__Mucoromycota;c__Glomeromycetes;o__Archaeosporales;f__Archaeosporaceae;g__Archaeospora;s__Archaeospora_schenckii	0.0
d__Eukaryota;p__Mucoromycota;__;__;__;__;__	0.0
d__Eukaryota;p__Mollusca;c__Gastropoda;o__Vetigastropoda;f__Vetigastropoda;g__Vetigastropoda;__	0.0
d__Eukaryota;p__Arthropoda;c__Insecta;o__Diptera;f__Diptera;g__Diptera;s__Ablabesmyia_rhamphe	0.0
d__Eukaryota;p__Arthropoda;c__Insecta;o__Diptera;f__Diptera;g__Diptera;__	0.0
d__Eukaryota;p__Arthropoda;c__Insecta;o__Coleoptera;f__Coleoptera;g__Coleoptera;__	0.0
d__Eukaryota;p__Labyrinthulomycetes;c__Labyrinthulomycetes;o__Labyrinthulomycetes;f__Thraustochytriaceae;g__uncultured;s__uncultured_labyrinthulid	0.0
d__Eukaryota;p__Labyrinthulomycetes;c__Labyrinthulomycetes;o__Labyrinthulomycetes;f__Thraustochytriaceae;g__uncultured;s__Thraustochytrium_sp.	0.0
d__Eukaryota;p__Labyrinthulomycetes;c__Labyrinthulomycetes;o__Labyrinthulomycetes;f__Thraustochytriaceae;g__uncultured;s__Thraustochytriidae_sp.	0.0
d__Eukaryota;p__Labyrinthulomycetes;c__Labyrinthulomycetes;o__Labyrinthulomycetes;f__Thraustochytriaceae;g__Ulkenia;__	0.0
d__Eukaryota;p__Apusomonadidae;c__Apusomonadidae;o__Apusomonadidae;f__Apusomonadidae;g__Apusomonadidae;s__Hemimastix_sp.	0.0
d__Eukaryota;p__Lophophorata;c__Rhynchonelliformea;o__Terebratulida;f__Terebratulida;g__Terebratulida;__	0.0
d__Eukaryota;p__Labyrinthulomycetes;c__uncultured;o__uncultured;f__uncultured;g__uncultured;s__uncultured_stramenopile	0.0
d__Eukaryota;p__MAST-12;c__MAST-12C;o__MAST-12C;f__MAST-12C;g__MAST-12C;s__uncultured_stramenopile	0.0
d__Eukaryota;p__MAST-12;c__MAST-12C;o__MAST-12C;f__MAST-12C;g__MAST-12C;s__uncultured_Eimeriidae	0.0
d__Eukaryota;p__MAST-12;c__MAST-12A;o__MAST-12A;f__MAST-12A;g__MAST-12A;s__uncultured_marine	0.0
d__Eukaryota;p__MAST-2;c__MAST-2;o__MAST-2;f__MAST-2;g__MAST-2;s__uncultured_stramenopile	0.0
d__Eukaryota;p__MAST-12;c__MAST-12D;o__MAST-12D;f__MAST-12D;g__MAST-12D;s__uncultured_eukaryote	0.0
d__Eukaryota;p__LKM15;c__LKM15;o__LKM15;f__LKM15;g__LKM15;s__uncultured_fungus	0.0
d__Eukaryota;p__Lophotrochozoa;c__Lophotrochozoa;o__Lophotrochozoa;f__Lophotrochozoa;g__Lophotrochozoa;s__Carinoma_tremaphoros	0.0
d__Eukaryota;p__Apusomonadidae;c__Apusomonadidae;o__Apusomonadidae;f__Apusomonadidae;g__Apusomonadidae;s__Fabomonas_tropica	0.0
d__Eukaryota;p__Arthropoda;c__Arachnida;o__Acari;f__Acari;g__Acari;s__Tetranychus_urticae	0.0
d__Eukaryota;p__Arthropoda;c__Arachnida;o__Acari;f__Acari;g__Acari;s__Limnesia_sp.	0.0
d__Eukaryota;p__Arthropoda;c__Arachnida;o__Acari;f__Acari;g__Acari;s__Anystis_sp.	0.0
d__Eukaryota;p__Arthropoda;c__Arachnida;o__Acari;f__Acari;g__Acari;__	0.0
d__Eukaryota;p__Arthropoda;c__Arachnida;__;__;__;__	0.0
d__Eukaryota;p__Arthropoda;__;__;__;__;__	0.0
d__Eukaryota;p__Archamoebae;c__Incertae_Sedis;o__Incertae_Sedis;f__Incertae_Sedis;g__Rhizomastix;s__Ripella_platypodia	0.0
d__Eukaryota;p__Arthropoda;c__Insecta;o__Diptera;f__Diptera;g__Diptera;s__Acricotopus_lucens	0.0
d__Eukaryota;p__Arthropoda;c__Diplopoda;o__Helminthomorpha;f__Helminthomorpha;g__Helminthomorpha;__	0.0
d__Eukaryota;p__Arthropoda;c__Chilopoda;o__Pleurostigmophora;f__Pleurostigmophora;g__Pleurostigmophora;__	0.0
d__Eukaryota;p__Arthropoda;c__Branchiopoda;o__Diplostraca;f__Diplostraca;g__Diplostraca;s__Bosmina_longirostris	0.0
d__Eukaryota;p__Arthropoda;c__Branchiopoda;o__Diplostraca;f__Diplostraca;g__Diplostraca;__	0.0
d__Eukaryota;p__Arthropoda;c__Arachnida;o__Opiliones;f__Opiliones;g__Opiliones;__	0.0
d__Eukaryota;p__Arthropoda;c__Arachnida;o__Acari;f__Acari;g__Acari;s__Trachytes_aegrota	0.0
d__Eukaryota;p__Arthropoda;c__Insecta;o__Diptera;f__Diptera;g__Diptera;s__Chironomus_tentans	0.0
d__Eukaryota;p__Arthropoda;c__Insecta;o__Diptera;f__Diptera;g__Diptera;s__Belgica_antarctica	0.0
d__Eukaryota;p__Archamoebae;c__Incertae_Sedis;o__Incertae_Sedis;f__Incertae_Sedis;g__Rhizomastix;s__Rhizomastix_libera	0.0
d__Eukaryota;p__Protalveolata;c__Perkinsidae;o__Perkinsidae;f__Perkinsidae;g__Perkinsus;s__uncultured_marine	0.0
d__Eukaryota;p__Protalveolata;c__Perkinsidae;o__Perkinsidae;f__Perkinsidae;g__Perkinsus;__	0.0
d__Eukaryota;p__Protalveolata;c__Syndiniales;o__Syndiniales;f__Syndiniales;g__Duboscquella;s__Euduboscquella_cachoni	0.0
d__Eukaryota;p__Protalveolata;c__Syndiniales;o__Syndiniales;f__Syndiniales;g__Amoebophrya;s__uncultured_marine	0.0
d__Eukaryota;p__Protalveolata;c__Syndiniales;o__Syndiniales;f__Syndiniales;g__Amoebophrya;s__phytoplankton_environmental	0.0
d__Eukaryota;p__Protalveolata;c__Syndiniales;o__Syndiniales;f__Syndiniales;g__Syndiniales;__	0.0
d__Eukaryota;p__Protalveolata;c__Syndiniales;o__Syndiniales;f__Syndiniales;g__Hematodinium;s__Hematodinium_sp.	0.0
d__Eukaryota;p__Apicomplexa;c__Conoidasida;o__Cryptosporida;f__Cryptosporida;g__Cryptosporidium;s__uncultured_eukaryote	0.0
d__Eukaryota;p__Ochrophyta;c__Ochrophyta;o__Ochrophyta;f__Ochrophyta;g__Ochrophyta;s__Aurearena_cruciata	0.0
d__Eukaryota;p__Annelida;c__Polychaeta;o__Echiuroinea;f__Echiuroinea;g__Echiuroinea;__	0.0
d__Eukaryota;p__Annelida;c__Polychaeta;o__Capitellida;f__Capitellida;g__Capitellida;s__Scalibregma_inflatum	0.0
d__Eukaryota;p__Annelida;c__Polychaeta;o__Capitellida;f__Capitellida;g__Capitellida;s__Arenicola_brasiliensis	0.0
d__Eukaryota;p__Annelida;c__Clitellata;o__Rhynchobdellida;f__Rhynchobdellida;g__Rhynchobdellida;__	0.0
d__Eukaryota;p__Annelida;c__Polychaeta;o__Protodrilidae;f__Protodrilidae;g__Protodrilus;s__Protodrilus_sp.	0.0
d__Eukaryota;p__Annelida;c__Polychaeta;o__Polychaeta;f__Polychaeta;g__Polychaeta;s__Potamodrilus_fluviatilis	0.0
d__Eukaryota;p__Annelida;c__Polychaeta;o__Phyllodocida;f__Phyllodocida;g__Phyllodocida;s__Laetmonice_producta	0.0
d__Eukaryota;p__Annelida;c__Polychaeta;o__Palpata_Incertae_Sedis;f__Palpata_Incertae_Sedis;g__Palpata_Incertae_Sedis;s__Paranerilla_limicola	0.0
d__Eukaryota;p__Annelida;c__Polychaeta;o__Golfingiida;f__Golfingiida;g__Golfingiida;__	0.0
d__Eukaryota;p__Annelida;c__Polychaeta;o__Eunicida;f__Eunicida;g__Eunicida;s__Ophryotrocha_labronica	0.0
d__Eukaryota;p__Protosteliida;c__Protosteliida;o__Protosteliida;f__Protosteliida;g__Protostelium;s__Protostelium_nocturnum	0.0
d__Eukaryota;p__Protosteliida;c__Protosteliida;o__Protosteliida;f__Protosteliida;g__Protostelium;s__Protostelium_mycophagum	0.0
d__Eukaryota;p__Protosteliida;c__Protosteliida;o__Protosteliida;f__Protosteliida;g__Protosteliida;s__metagenome	0.0
d__Eukaryota;p__Protalveolata;c__Syndiniales;o__Syndiniales;f__Syndiniales_Group_V;g__Syndiniales_Group_V;s__uncultured_eukaryote	0.0
d__Eukaryota;p__Protalveolata;c__Syndiniales;o__Syndiniales;f__Syndiniales_Group_V;g__Syndiniales_Group_V;__	0.0
d__Eukaryota;p__Prymnesiophyceae;c__Prymnesiophyceae;o__Prymnesiales;f__Prymnesiales;g__Prymnesiales;s__uncultured_eukaryote	0.0
d__Eukaryota;p__Prymnesiophyceae;c__Prymnesiophyceae;o__Prymnesiales;f__Prymnesiales;g__OLI51059;s__uncultured_eukaryote	0.0
d__Eukaryota;p__Prymnesiophyceae;c__Prymnesiophyceae;o__Prymnesiales;f__Prymnesiales;g__Chrysocampanula;s__Chrysocampanula_spinifera	0.0
d__Eukaryota;p__Protalveolata;c__Protalveolata;o__Protalveolata;f__Protalveolata;g__Oxyrrhis;s__Oxyrrhis_marina	0.0
d__Eukaryota;p__Retaria;c__Acantharia;o__Acantharea_Group_I;f__Acantharea_Group_I;g__Acantharea_Group_I;s__uncultured_eukaryote	0.0
d__Eukaryota;p__Retaria;c__Acantharia;__;__;__;__	0.0
d__Eukaryota;p__Retaria;__;__;__;__;__	0.0
d__Eukaryota;p__Protalveolata;c__Perkinsidae;o__Perkinsidae;f__Perkinsidae;g__Parvilucifera;s__uncultured_eukaryote	0.0
d__Eukaryota;p__Protalveolata;c__Perkinsidae;o__Perkinsidae;f__Perkinsidae;g__Parvilucifera;s__Parvilucifera_rostrata	0.0
d__Eukaryota;p__Protalveolata;c__Perkinsidae;o__Perkinsidae;f__Perkinsidae;g__Parvilucifera;s__Parvilucifera_prorocentri	0.0
d__Eukaryota;p__Protalveolata;c__Perkinsidae;o__Perkinsidae;f__Perkinsidae;g__Parvilucifera;s__Parvilucifera_corolla	0.0
d__Eukaryota;p__Protalveolata;c__Perkinsidae;o__Perkinsidae;f__Perkinsidae;g__Parvilucifera;__	0.0
d__Eukaryota;p__Protalveolata;c__Protalveolata;o__Protalveolata;f__Protalveolata;g__Oxyrrhis;s__uncultured_apicomplexan	0.0
d__Eukaryota;p__Prymnesiophyceae;c__Prymnesiophyceae;o__Isochrysidales;f__Isochrysidales;__;__	0.0
d__Eukaryota;p__Preaxostyla;c__Preaxostyla;o__Preaxostyla;f__Preaxostyla;g__Paratrimastix;s__Paratrimastix_pyriformis	0.0
d__Eukaryota;p__Preaxostyla;c__Preaxostyla;o__Oxymonadida;f__Oxymonadida;g__Oxymonadida;s__uncultured_eukaryote	0.0
d__Eukaryota;p__Porifera;c__Homoscleromorpha;o__Homosclerophorida;f__Homosclerophorida;g__Homosclerophorida;__	0.0
d__Eukaryota;p__Porifera;c__Demospongiae;o__Verongiida;f__Verongiida;g__Verongiida;__	0.0
d__Eukaryota;p__Protalveolata;c__Perkinsidae;o__A31;f__A31;g__A31;s__metagenome	0.0
d__Eukaryota;p__Protalveolata;c__Incertae_Sedis;o__Ellobiopsidae;f__Ellobiopsidae;g__Thalassomyces;s__Thalassomyces_sp.	0.0
d__Eukaryota;p__Protalveolata;c__Colpodellida;o__Colpodellida;f__Colpodellida;g__Colpodella;s__uncultured_Colpodella	0.0
d__Eukaryota;p__Protalveolata;c__Colpodellida;o__Colpodellida;f__Colpodellida;g__Colpodella;__	0.0
d__Eukaryota;p__Annelida;c__Polychaeta;o__Sabellida;f__Sabellida;g__Sabellida;s__Sabellastarte_sp.	0.0
d__Eukaryota;p__Platyhelminthes;c__Rhabditophora;o__Rhabdocoela;f__Dalyellioida;g__Dalyellioida;s__Canetellia_beauchampi	0.0
d__Eukaryota;p__Platyhelminthes;c__Rhabditophora;o__Rhabdocoela;f__Dalyellioida;g__Dalyellioida;s__Bresslauilla_relicta	0.0
d__Eukaryota;p__Platyhelminthes;c__Rhabditophora;o__Rhabdocoela;f__Dalyellioida;g__Dalyellioida;__	0.0
d__Eukaryota;p__Platyhelminthes;c__Rhabditophora;o__Proseriata;f__Proseriata;g__Proseriata;__	0.0
d__Eukaryota;p__Platyhelminthes;c__Rhabditophora;o__Macrostomida;f__Macrostomida;g__Macrostomida;s__Microstomum_sp.	0.0
d__Eukaryota;p__Platyhelminthes;c__Rhabditophora;o__Tricladida;f__Maricola;g__Maricola;__	0.0
d__Eukaryota;p__Platyhelminthes;c__Rhabditophora;o__Tricladida;f__Continenticola;g__Continenticola;__	0.0
d__Eukaryota;p__Platyhelminthes;c__Rhabditophora;o__Rhabdocoela;f__Neodalyellida;g__Neodalyellida;s__Halammovortex_sp.	0.0
d__Eukaryota;p__Platyhelminthes;c__Rhabditophora;o__Rhabdocoela;f__Neodalyellida;g__Neodalyellida;s__Beklemischeviella_angustior	0.0
d__Eukaryota;p__Platyhelminthes;c__Rhabditophora;o__Rhabdocoela;f__Dalyellioida;g__Dalyellioida;s__Pogaina_sp.	0.0
d__Eukaryota;p__Annelida;c__Polychaeta;o__Sabellida;f__Sabellida;g__Sabellida;s__Neodexiospira_steueri	0.0
d__Eukaryota;p__Annelida;c__Polychaeta;o__Sabellida;f__Sabellida;g__Sabellida;s__Fabriciola_liguronis	0.0
d__Eukaryota;p__Annelida;c__Polychaeta;o__Sabellida;f__Sabellida;g__Sabellida;s__Circeis_armoricana	0.0
d__Eukaryota;p__Annelida;c__Polychaeta;o__Sabellida;f__Sabellida;g__Sabellida;s__Bispira_crassicornis	0.0
d__Eukaryota;p__Annelida;c__Polychaeta;o__Spionida;f__Spionida;g__Spionida;s__Scolelepis_squamata	0.0
d__Eukaryota;p__Annelida;c__Polychaeta;o__Spionida;f__Spionida;g__Spionida;s__Rhynchospio_foliosa	0.0
d__Eukaryota;p__Annelida;c__Polychaeta;o__Scolecida;f__Scolecida;g__Scolecida;s__Naineris_grubei	0.0
d__Eukaryota;p__Annelida;c__Polychaeta;o__Scolecida;f__Orbiniidae;g__Orbiniidae;s__Scoloplos_cf.	0.0
d__Eukaryota;p__Porifera;c__Demospongiae;o__Poecilosclerida;f__Poecilosclerida;g__Poecilosclerida;__	0.0
d__Eukaryota;p__Preaxostyla;c__Preaxostyla;o__Preaxostyla;f__Preaxostyla;g__Paratrimastix;s__Trimastix_marina	0.0
d__Eukaryota;p__Porifera;c__Demospongiae;o__Haplosclerida;f__Haplosclerida;g__Haplosclerida;s__Haliclona_amboinensis	0.0
d__Eukaryota;p__Porifera;c__Demospongiae;o__Haplosclerida;f__Haplosclerida;g__Haplosclerida;s__Amphimedon_sp.	0.0
d__Eukaryota;p__Porifera;c__Demospongiae;o__Haplosclerida;f__Haplosclerida;g__Haplosclerida;s__Aka_mucosa	0.0
d__Eukaryota;p__Porifera;c__Demospongiae;o__Poecilosclerida;f__Poecilosclerida;g__Poecilosclerida;s__Iotrochota_birotulata	0.0
d__Eukaryota;p__Porifera;c__Demospongiae;o__Poecilosclerida;f__Poecilosclerida;g__Poecilosclerida;s__Clathria_reinwardti	0.0
d__Eukaryota;p__Porifera;c__Demospongiae;o__Poecilosclerida;f__Poecilosclerida;g__Poecilosclerida;s__Clathria_prolifera	0.0
d__Eukaryota;p__Protalveolata;c__Chromerida;o__Chromerida;f__Chromerida;g__Chromera;s__Chromera_velia	0.0
d__Eukaryota;p__Protalveolata;__;__;__;__;__	0.0
d__Eukaryota;p__Preaxostyla;c__Preaxostyla;o__Preaxostyla;f__Preaxostyla;g__Trimastix;s__uncultured_eukaryote	0.0
d__Eukaryota;p__Porifera;c__Demospongiae;o__Haplosclerida;f__Haplosclerida;g__Haplosclerida;s__Haliclona_cinerea	0.0
d__Eukaryota;p__Amoebozoa;c__Discosea;o__Centramoebida;f__Centramoebida;g__Acanthamoeba;s__Acanthamoeba_sp.	0.0
d__Eukaryota;p__Annelida;c__Clitellata;o__Arhynchobdellida;f__Arhynchobdellida;g__Arhynchobdellida;__	0.0
d__Eukaryota;p__Annelida;c__Clitellata;__;__;__;__	0.0
d__Eukaryota;p__Animalia;c__Animalia;o__Animalia;f__Animalia;g__Animalia;s__Sanchytrium_tribonematis	0.0
d__Eukaryota;p__Ancyromonadida;c__Ancyromonadida;o__Ancyromonadida;f__Ancyromonadida;g__Ancyromonas;s__Planomonas_micra	0.0
d__Eukaryota;p__uncultured;c__uncultured;o__uncultured;f__uncultured;g__uncultured;s__Prorocentrum_triestinum	0.0
d__Eukaryota;p__Amoebozoa;c__Discosea;o__Centramoebida;f__Centramoebida;g__Centramoebida;s__uncultured_eukaryote	0.0
d__Eukaryota;p__Retaria;c__Foraminifera;o__Tubothalamea;f__Miliolida;__;__	0.0
d__Eukaryota;p__Prymnesiophyceae;c__Prymnesiophyceae;__;__;__;__	0.0
d__Eukaryota;p__Retaria;c__Foraminifera;o__Rotaliida;f__Rotaliida;g__Rotaliida;__	0.0
d__Eukaryota;p__Retaria;c__Foraminifera;o__Rotaliida;f__Elphidiidae;g__Elphidium;s__Elphidium_aculeatum	0.0
d__Eukaryota;p__Retaria;c__Acantharia;o__uncultured;f__uncultured;g__uncultured;s__uncultured_eukaryote	0.0
d__Eukaryota;p__Retaria;c__Acantharia;o__SSRPB68;f__SSRPB68;g__SSRPB68;s__uncultured_eukaryote	0.0
d__Eukaryota;p__Retaria;c__RAD_A;o__RAD_A;f__RAD_A;g__RAD_A;s__uncultured_stramenopile	0.0
d__Eukaryota;p__Retaria;c__RAD_A;o__RAD_A;f__RAD_A;g__RAD_A;s__uncultured_eukaryote	0.0
d__Eukaryota;p__Retaria;c__RAD_A;o__RAD_A;f__RAD_A;g__RAD_A;s__uncultured_Rhizaria	0.0
d__Eukaryota;p__Retaria;c__Polycystinea;o__Spumellaria;f__Spumellaria;g__Cladococcus;s__uncultured_eukaryote	0.0
d__Eukaryota;p__Retaria;c__Polycystinea;o__Nassellaria;f__Nassellaria;g__Nassellaria;s__uncultured_eukaryote	0.0
d__Eukaryota;p__Retaria;c__Foraminifera;o__Rotaliida;f__Rotaliidae;g__Ammonia;s__Ammonia_sp.	0.0
d__Eukaryota;p__Amoebozoa;c__Tubulinea;o__Echinamoebida;f__Echinamoebida;g__Echinamoebida;s__uncultured_eukaryote	0.0
d__Eukaryota;p__Amoebozoa;c__Tubulinea;o__Echinamoebida;f__Echinamoebida;g__Echinamoebida;s__metagenome	0.0
d__Eukaryota;p__Amoebozoa;c__Tubulinea;o__Arcellinida;f__Phryganellina;g__Cryptodifflugia;__	0.0
d__Eukaryota;p__Amoebozoa;c__Tubulinea;o__Arcellinida;f__Arcellinida;g__Arcellinida;s__metagenome	0.0
d__Eukaryota;p__Amoebozoa;c__Discosea;o__Vannellida;f__Vannellida;g__uncultured;s__Vannella_sp.	0.0
d__Eukaryota;p__Amoebozoa;c__Discosea;o__Vannellida;f__Vannellida;g__Vannellida;s__Vannella_sp.	0.0
d__Eukaryota;p__Amoebozoa;c__Discosea;o__Vannellida;f__Vannellida;g__Vannellida;__	0.0
d__Eukaryota;p__Amoebozoa;c__Tubulinea;o__Euamoebida;f__Euamoebida;g__Hartmannella;s__Hartmannella_abertawensis	0.0
d__Eukaryota;p__Amoebozoa;c__Tubulinea;o__Euamoebida;f__Euamoebida;g__Hartmannella;__	0.0
d__Eukaryota;p__Amoebozoa;c__Tubulinea;o__Leptomyxida;f__Leptomyxida;g__Flabellula;__	0.0
d__Eukaryota;p__Amoebozoa;c__Tubulinea;o__Euamoebida;f__Euamoebida;g__Euamoebida;s__metagenome	0.0
d__Eukaryota;p__Amoebozoa;c__Tubulinea;o__Euamoebida;f__Euamoebida;g__Euamoebida;s__Copromyxa_microcystidis	0.0
d__Eukaryota;p__Amoebozoa;c__Tubulinea;o__Euamoebida;f__Euamoebida;g__Euamoebida;__	0.0
d__Eukaryota;p__Amoebozoa;c__Tubulinea;o__Tubulinea;f__Tubulinea;g__Tubulinea;s__Tubulinea_group	0.0
d__Eukaryota;p__Amoebozoa;c__Tubulinea;o__Tubulinea;f__Tubulinea;g__Tubulinea;s__Pyxidicula_operculata	0.0
d__Eukaryota;p__Amoebozoa;c__Tubulinea;o__Leptomyxida;f__Leptomyxida;g__Rhizamoeba;s__Rhizamoeba_saxonica	0.0
d__Eukaryota;p__Amoebozoa;c__Tubulinea;o__Leptomyxida;f__Leptomyxida;g__Leptomyxida;__	0.0
d__Eukaryota;p__Amoebozoa;c__Tubulinea;o__Leptomyxida;f__Leptomyxida;g__Flabellula;s__metagenome	0.0
d__Eukaryota;p__Amoebozoa;c__Tubulinea;o__Leptomyxida;f__Leptomyxida;g__Flabellula;s__Flabellulidae_sp.	0.0
d__Eukaryota;p__Amoebozoa;c__Tubulinea;o__Euamoebida;f__Euamoebida;g__Euamoebida;s__uncultured_marine	0.0
d__Eukaryota;p__Stramenopiles;c__Placididea;o__Placididea;f__Placididea;g__Placididea;s__Stramenopile_sp.	0.0
d__Eukaryota;p__Stramenopiles;c__Placididea;o__Placididea;f__Placididea;g__Placidia;s__Placidia_cafeteriopsis	0.0
d__Eukaryota;p__Schizoplasmodiida;c__Schizoplasmodiida;o__Schizoplasmodiida;f__Schizoplasmodiida;g__Schizoplasmodiida;__	0.0
d__Eukaryota;p__Schizoplasmodiida;c__Schizoplasmodiida;o__Schizoplasmodiida;f__Schizoplasmodiida;g__Phalansterium;__	0.0
d__Eukaryota;p__Scalidophora;c__Kinorhyncha;o__Cyclorhagida;f__Cyclorhagida;g__Cyclorhagida;__	0.0
d__Eukaryota;p__Tunicata;c__Appendicularia;o__Copelata;f__Oikopleuridae;g__Oikopleuridae;__	0.0
d__Eukaryota;p__Tardigrada;c__Eutardigrada;o__Parachela;f__Parachela;g__Parachela;s__Tardigrada_environmental	0.0
d__Eukaryota;p__Tardigrada;c__Eutardigrada;o__Parachela;f__Parachela;g__Parachela;s__Macrobiotus_hufelandi	0.0
d__Eukaryota;p__Retaria;c__Polycystinea;o__Collodaria;f__Collodaria;g__Collozoum;__	0.0
d__Eukaryota;p__Stramenopiles;c__uncultured;o__uncultured;f__uncultured;g__uncultured;s__uncultured_stramenopile	0.0
d__Eukaryota;p__Stramenopiles;c__uncultured;o__uncultured;f__uncultured;g__uncultured;s__uncultured_eukaryote	0.0
d__Eukaryota;p__Amoebozoa;c__Discosea;o__Vannellida;f__Vannellida;g__Vannella;s__Vannella_miroides	0.0
d__Eukaryota;p__Vertebrata;c__Actinopterygii;o__Teleostei;f__Teleostei;g__Teleostei;s__Gadus_morhua	0.0
d__Eukaryota;p__Rhombozoa;c__Rhombozoa;o__Dicyemida;f__Dicyemida;__;__	0.0
d__Eukaryota;p__Rhodellophyceae;c__Rhodellophyceae;o__Rhodellophyceae;f__Rhodellophyceae;g__Rhodellophyceae;s__Glaucosphaera_vacuolata	0.0
d__Eukaryota;p__Protalveolata;c__Syndiniales;o__Syndiniales;f__Syndiniales_Group_III;g__Syndiniales_Group_III;__	0.0
d__Eukaryota;p__Protalveolata;c__Syndiniales;o__Syndiniales;f__Syndiniales_Group_II;g__Syndiniales_Group_II;s__Amoebophrya_sp.	0.0
d__Eukaryota;p__Protalveolata;c__Syndiniales;o__Syndiniales;f__Syndiniales_Group_I;g__Syndiniales_Group_I;s__uncultured_marine	0.0
d__Eukaryota;p__Tardigrada;c__Eutardigrada;o__Parachela;f__Parachela;g__Parachela;__	0.0
d__Eukaryota;p__Retaria;c__Polycystinea;o__Collodaria;f__Collodaria;__;__	0.0
d__Eukaryota;p__Rhodellophyceae;c__Rhodellophyceae;o__Rhodellophyceae;f__Rhodellophyceae;g__Rhodella;s__Rhodella_sp.	0.0
d__Eukaryota;p__Rhodellophyceae;c__Rhodellophyceae;o__Rhodellophyceae;f__Rhodellophyceae;g__Dixoniella;s__Dixoniella_sp.	0.0
d__Eukaryota;p__Rhodellophyceae;c__Rhodellophyceae;o__Rhodellophyceae;f__Rhodellophyceae;g__Dixoniella;s__Dixoniella_grisea	0.0
d__Eukaryota;p__Retaria;c__uncultured;o__uncultured;f__uncultured;g__uncultured;__	0.0
d__Eukaryota;p__Retaria;c__RAD_C;o__RAD_C;f__RAD_C;g__RAD_C;s__uncultured_eukaryote	0.0
d__Eukaryota;p__Retaria;c__RAD_B;o__RAD_B;f__RAD_B;g__RAD_B;s__uncultured_eukaryote	0.0
d__Eukaryota;p__Rotifera;c__Monogononta;__;__;__;__	0.0
d__Eukaryota;p__Rotifera;c__Bdelloidea;o__Adinetida;f__Adinetida;g__Adinetida;__	0.0
d__Eukaryota;p__Stramenopiles;c__Placididea;o__Placididea;f__Placididea;g__Suigetsumonas;__	0.0
d__Eukaryota;p__Rigifilida;c__Rigifilida;o__Rigifilida;f__Rigifilida;g__Rigifilida;s__metagenome	0.0
d__Eukaryota;p__Rigifilida;c__Rigifilida;o__Rigifilida;f__Rigifilida;g__Rigifilida;s__Rigifila_ramosa	0.0
d__Eukaryota;p__Rigifilida;c__Rigifilida;o__Rigifilida;f__Rigifilida;g__Rigifilida;__	0.0
d__Eukaryota;p__Annelida;c__Polychaeta;o__Scolecida;f__Dinophilida;g__Dinophilida;s__Dinophilus_gyrociliatus	0.0
d__Eukaryota;p__SAR;c__Labyrinthulomycetes;o__Labyrinthulomycetes;f__Labyrinthulomycetes;g__Sorodiplophrys;s__metagenome	0.0
d__Eukaryota;p__SAR;c__Labyrinthulomycetes;o__Labyrinthulomycetes;f__Labyrinthulomycetes;g__Sorodiplophrys;s__Sorodiplophrys_stercorea	0.0
d__Eukaryota;p__SAR;c__Labyrinthulomycetes;o__Labyrinthulomycetes;f__Labyrinthulomycetes;g__Sorodiplophrys;s__Caprifoliaceae_environmental	0.0
d__Eukaryota;p__SA1-3C06;c__SA1-3C06;o__SA1-3C06;f__SA1-3C06;g__SA1-3C06;s__uncultured_eukaryote	0.0
d__Eukaryota;p__Stramenopiles;c__Stramenopiles;o__Stramenopiles;f__Stramenopiles;g__Stramenopiles;s__Cantina_marsupialis	0.0
d__Eukaryota;p__Amoebozoa;c__Amoebozoa;o__Amoebozoa;f__Amoebozoa;g__Amoebozoa;s__metagenome	0.0
d__Eukaryota;p__Ochrophyta;c__Dictyochophyceae;o__Pedinellales;f__Pedinellales;g__Ciliophrys;s__Ciliophrys_infusionum	0.0
d__Eukaryota;p__Ochrophyta;c__MOCH-2;o__MOCH-2;f__MOCH-2;g__MOCH-2;__	0.0
d__Eukaryota;p__Ochrophyta;c__Eustigmatophyceae;o__Eustigmatales;f__Eustigmatales;g__uncultured;__	0.0
d__Eukaryota;p__Ochrophyta;c__Eustigmatophyceae;o__Eustigmatales;f__Eustigmatales;__;__	0.0
d__Eukaryota;p__Ochrophyta;c__Dictyochophyceae;o__Pedinellales;f__Pedinellales;g__Pteridomonas;s__uncultured_eukaryote	0.0
d__Eukaryota;p__Ochrophyta;c__Ochrophyta;o__Ochrophyta;f__Ochrophyta;g__Ochrophyta;s__uncultured_eukaryote	0.0
d__Eukaryota;p__Holozoa;c__Choanoflagellida;o__Craspedida;f__Salpingoecidae;g__Salpingoecidae;s__uncultured_eukaryote	0.0
d__Eukaryota;p__Ochrophyta;c__Ochrophyta;o__Ochrophyta;f__Ochrophyta;g__Bolidomonas;s__uncultured_marine	0.0
d__Eukaryota;p__Platyhelminthes;c__Rhabditophora;o__Rhabdocoela;f__Neodalyellida;g__Neodalyellida;__	0.0
d__Eukaryota;p__Ochrophyta;c__Phaeophyceae;__;__;__;__	0.0
d__Eukaryota;p__Ochrophyta;c__Pelagophyceae;o__Sarcinochrysidales;f__Sarcinochrysidales;g__Sarcinochrysis;__	0.0
d__Eukaryota;p__Ochrophyta;c__Pelagophyceae;o__Sarcinochrysidales;f__Sarcinochrysidales;__;__	0.0
d__Eukaryota;p__Ochrophyta;c__Chrysophyceae;o__Ochromonadales;f__Ochromonadales;g__Epipyxis;s__Epipyxis_pulchra	0.0
d__Eukaryota;p__Ochrophyta;c__Chrysophyceae;o__Ochromonadales;f__Ochromonadales;g__Dinobryon;s__metagenome	0.0
d__Eukaryota;p__Ochrophyta;c__Chrysophyceae;o__Ochromonadales;f__Ochromonadales;g__Dinobryon;__	0.0
d__Eukaryota;p__Ochrophyta;c__Chrysophyceae;o__Chrysophyceae;f__Chrysophyceae;g__Chrysophyceae;s__Hibberdia_magna	0.0
d__Eukaryota;p__Ochrophyta;c__Chrysophyceae;o__Chrysocapsales;f__Chrysocapsales;g__Chrysonebula;s__Chrysonebula_flava	0.0
d__Eukaryota;p__Ochrophyta;c__Chrysophyceae;o__P34.45;f__P34.45;g__P34.45;s__uncultured_Chrysophyceae	0.0
d__Eukaryota;p__Ochrophyta;c__Phaeophyceae;o__Dictyotales;f__Dictyotales;g__Padina;__	0.0
d__Eukaryota;p__Ochrophyta;c__Xanthophyceae;o__Mischococcales;f__Mischococcales;g__Chlorellidium;s__Chlorellidium_tetrabotrys	0.0
d__Eukaryota;p__Ochrophyta;c__Xanthophyceae;o__Mischococcales;f__Mischococcales;__;__	0.0
d__Eukaryota;p__Ochrophyta;c__Raphidophyceae;o__Raphidophyceae;f__Raphidophyceae;g__Olisthodiscus;__	0.0
d__Eukaryota;p__Ochrophyta;c__Raphidophyceae;o__Chattonellales;f__Chattonellales;g__Viridilobus;s__Viridilobus_marinus	0.0
d__Eukaryota;p__Ochrophyta;c__Raphidophyceae;o__Chattonellales;f__Chattonellales;g__Vacuolaria;s__Vacuolaria_virescens	0.0
d__Eukaryota;p__Ochrophyta;c__Raphidophyceae;o__Chattonellales;f__Chattonellales;g__Haramonas;__	0.0
d__Eukaryota;p__Parabasalia;c__Trichomonadea;o__Trichomonadea;f__Trichomonadea;__;__	0.0
d__Eukaryota;p__Parabasalia;c__Hypotrichomonadea;o__Hypotrichomonadea;f__Hypotrichomonadea;g__Trichomitus;__	0.0
d__Eukaryota;p__Ochrophyta;c__Dictyochophyceae;o__Pedinellales;f__Pedinellales;g__Pteridomonas;__	0.0
d__Eukaryota;p__Parabasalia;__;__;__;__;__	0.0
d__Eukaryota;p__Ochrophyta;c__Xanthophyceae;o__Xanthophyceae;f__Xanthophyceae;g__Xanthophyceae;s__Botrydiopsis_pyrenoidosa	0.0
d__Eukaryota;p__Ochrophyta;c__Xanthophyceae;o__Vaucheriales;f__Vaucheriales;g__Vaucheria;s__Vaucheria_terrestris	0.0
d__Eukaryota;p__Ochrophyta;c__Xanthophyceae;o__Vaucheriales;f__Vaucheriales;g__Vaucheria;s__Vaucheria_bursata	0.0
d__Eukaryota;p__Ochrophyta;c__Xanthophyceae;o__Tribonematales;f__Tribonematales;__;__	0.0
d__Eukaryota;p__Pavlovophyceae;c__Pavlovophyceae;o__Pavlovophyceae;f__Pavlovophyceae;g__AA5F1;__	0.0
d__Eukaryota;p__Parabasalia;c__Tritrichomonadea;o__Tritrichomonadea;f__Tritrichomonadea;__;__	0.0
d__Eukaryota;p__Parabasalia;c__Trichomonadea;o__Trichomonadea;f__Trichomonadea;g__Trichomonas;__	0.0
d__Eukaryota;p__Parabasalia;c__Trichomonadea;o__Trichomonadea;f__Trichomonadea;g__Tetratrichomonas;s__Tetratrichomonas_sp.	0.0
d__Eukaryota;p__Parabasalia;c__Cryptotermes_symbiont_group;o__Cryptotermes_symbiont_group;f__Cryptotermes_symbiont_group;g__Cryptotermes_symbiont_group;s__Honigbergiellida_sp.	0.0
d__Eukaryota;p__Apicomplexa;c__Conoidasida;o__Gregarinasina;f__Neogregarinorida;g__Mattesia;s__Mattesia_geminata	0.0
d__Eukaryota;p__Apicomplexa;c__Conoidasida;o__Gregarinasina;f__Neogregarinorida;g__Mattesia;__	0.0
d__Eukaryota;p__Apicomplexa;c__Conoidasida;o__Gregarinasina;f__Gregarinasina;g__BAQA40;s__uncultured_alveolate	0.0
d__Eukaryota;p__Apicomplexa;c__Conoidasida;o__Gregarinasina;f__Eugregarinorida;g__uncultured;s__uncultured_alveolate	0.0
d__Eukaryota;p__Apicomplexa;c__Conoidasida;o__Gregarinasina;f__Eugregarinorida;g__uncultured;s__Hippoglossoides_dubius	0.0
d__Eukaryota;p__Apicomplexa;c__Conoidasida;o__Gregarinasina;f__Eugregarinorida;g__uncultured;s__Gregarinidae_sp.	0.0
d__Eukaryota;p__Apusomonadidae;c__Apusomonadidae;o__Apusomonadidae;f__Apusomonadidae;g__Apusomonadidae;__	0.0
d__Eukaryota;p__Apusomonadidae;c__Apusomonadidae;o__Apusomonadidae;f__Apusomonadidae;g__Amastigomonas;s__uncultured_eukaryote	0.0
d__Eukaryota;p__Ochrophyta;c__Chrysophyceae;o__Ochromonadales;f__Ochromonadales;g__Paraphysomonas;s__Monas_sp.	0.0
d__Eukaryota;p__Apicomplexa;c__Novel_Apicomplexa_Class_2;o__Novel_Apicomplexa_Class_2;f__Novel_Apicomplexa_Class_2;g__Novel_Apicomplexa_Class_2;s__uncultured_eukaryote	0.0
d__Eukaryota;p__Nemertea;c__Anopla;o__Palaeonemertea;f__Palaeonemertea;g__Palaeonemertea;s__Hubrechtidae_sp.	0.0
d__Eukaryota;p__Nemertea;c__Anopla;o__Palaeonemertea;f__Palaeonemertea;g__Palaeonemertea;s__Cephalothrix_filiformis	0.0
d__Eukaryota;p__Nemertea;c__Anopla;o__Palaeonemertea;f__Palaeonemertea;g__Palaeonemertea;s__Callinera_grandis	0.0
d__Eukaryota;p__Nemertea;c__Anopla;o__Palaeonemertea;f__Palaeonemertea;g__Palaeonemertea;__	0.0
d__Eukaryota;p__Nemertea;c__Anopla;o__Heteronemertea;f__Heteronemertea;g__Heteronemertea;s__Nemertean_sp.	0.0
d__Eukaryota;p__Nemertea;c__Anopla;o__Heteronemertea;f__Heteronemertea;g__Heteronemertea;s__Lineus_bilineatus	0.0
d__Eukaryota;p__Ochrophyta;__;__;__;__;__	0.0
d__Eukaryota;p__Nucleariidae_and_Fonticula_group;c__Nucleariidae_and_Fonticula_group;o__Nucleariidae_and_Fonticula_group;f__Nucleariidae;g__Nuclearia;s__uncultured_Chytridiomycota	0.0
d__Eukaryota;p__Apusomonadidae;c__Apusomonadidae;o__Apusomonadidae;f__Apusomonadidae;g__Amastigomonas;s__Amastigomonas_sp.	0.0
d__Eukaryota;p__Ochrophyta;c__Chrysophyceae;o__Ochromonadales;f__Ochromonadales;g__Ochromonas;s__Spumella-like_flagellate	0.0
d__Eukaryota;p__Ochrophyta;c__Chrysophyceae;o__Ochromonadales;f__Ochromonadales;g__Ochromonas;s__Ochromonas_sp.	0.0
d__Eukaryota;p__Ochrophyta;c__Chrysophyceae;o__Synurales;f__Synurales;g__Synura;s__Synura_uvella	0.0
d__Eukaryota;p__Ochrophyta;c__Chrysophyceae;o__Synurales;f__Synurales;g__Mallomonas;s__uncultured_Synurales	0.0
d__Eukaryota;p__Ochrophyta;c__Chrysophyceae;o__P34.48;f__P34.48;g__P34.48;s__uncultured_eukaryote	0.0
d__Eukaryota;p__Ochrophyta;c__Chrysophyceae;o__uncultured;f__uncultured;g__uncultured;s__uncultured_stramenopile	0.0
d__Eukaryota;p__Arthropoda;c__Ellipura;o__Collembola;f__Collembola;g__Collembola;s__Sminthuridae_environmental	0.0
d__Eukaryota;p__Arthropoda;c__Ellipura;o__Collembola;f__Collembola;g__Collembola;s__Podura_aquatica	0.0
d__Eukaryota;p__Apicomplexa;c__Conoidasida;o__Gregarinasina;f__Eugregarinorida;g__Lankesteria;s__Lankesteria_hesperidiiformis	0.0
d__Eukaryota;p__Apicomplexa;c__Conoidasida;o__Gregarinasina;f__Eugregarinorida;g__Lecudina;s__Lecudina_cf.	0.0
d__Eukaryota;p__Apicomplexa;c__Conoidasida;o__Gregarinasina;f__Eugregarinorida;g__Hoplorhynchus;s__Hoplorhynchus_acanthatholius	0.0
d__Eukaryota;p__Apicomplexa;c__Conoidasida;o__Gregarinasina;f__Eugregarinorida;g__Gregarina;s__Enterocystis_dorypterygis	0.0
d__Eukaryota;p__Apicomplexa;c__Conoidasida;o__Gregarinasina;f__Eugregarinorida;g__Eugregarinorida;s__uncultured_eukaryote	0.0
d__Eukaryota;p__Apicomplexa;c__Conoidasida;o__Gregarinasina;f__Eugregarinorida;g__Eugregarinorida;s__Syncystis_mirabilis	0.0
d__Eukaryota;p__Apicomplexa;c__Conoidasida;o__Gregarinasina;f__Eugregarinorida;g__Nematopsis;s__Nematopsis_temporariae	0.0
d__Eukaryota;p__Apicomplexa;c__Conoidasida;o__Gregarinasina;f__Eugregarinorida;g__Monocystis;s__Monocystis_agilis	0.0
d__Eukaryota;p__Apicomplexa;c__Conoidasida;o__Gregarinasina;f__Eugregarinorida;g__Monocystis;__	0.0
d__Eukaryota;p__Apicomplexa;c__Conoidasida;o__Gregarinasina;f__Eugregarinorida;g__Lecudina;s__uncultured_eukaryote	0.0
d__Eukaryota;p__Apicomplexa;c__Conoidasida;o__Gregarinasina;f__Eugregarinorida;g__Lecudina;s__Lecudina_polymorpha	0.0
d__Eukaryota;p__Apicomplexa;c__Conoidasida;o__Gregarinasina;f__Eugregarinorida;g__Lankesteria;__	0.0
d__Eukaryota;p__Platyhelminthes;c__Catenulida;o__Catenulida;f__Stenostomidae;g__Stenostomidae;s__Stenostomum_sp.	0.0
d__Eukaryota;p__Platyhelminthes;c__Catenulida;o__Catenulida;f__Stenostomidae;g__Stenostomidae;s__Stenostomum_leucops	0.0
d__Eukaryota;p__Platyhelminthes;c__Catenulida;o__Catenulida;f__Stenostomidae;g__Stenostomidae;__	0.0
d__Eukaryota;p__Platyhelminthes;c__Catenulida;o__Catenulida;f__Catenulidae;g__Catenulidae;s__Catenula_turgida	0.0
d__Eukaryota;p__Platyhelminthes;c__Catenulida;o__Catenulida;f__Catenulidae;g__Catenulidae;s__Catenula_lemnae	0.0
d__Eukaryota;p__Platyhelminthes;c__Catenulida;o__Catenulida;f__Catenulidae;g__Catenulidae;__	0.0
d__Eukaryota;p__Platyhelminthes;c__Rhabditophora;o__Macrostomida;f__Macrostomida;g__Macrostomida;__	0.0
d__Eukaryota;p__Platyhelminthes;c__Rhabditophora;o__Lecithoepitheliata;f__Lecithoepitheliata;g__Lecithoepitheliata;__	0.0
d__Eukaryota;p__Ochrophyta;c__Pinguiophyceae;o__Pinguiochrysidales;f__Pinguiochrysidales;__;__	0.0
d__Eukaryota;p__Platyhelminthes;c__Monogenea;o__Monopisthocotylea;f__Gyrodactylidae;g__Gyrodactylidae;__	0.0
d__Eukaryota;p__Platyhelminthes;c__Cestoda;o__Tetraphyllidea;f__Tetraphyllidea;g__Tetraphyllidea;__	0.0
d__Eukaryota;p__Platyhelminthes;c__Cestoda;o__Lecanicephalidea;f__Lecanicephalidea;g__Lecanicephalidea;__	0.0
d__Eukaryota;p__Platyhelminthes;c__Cestoda;__;__;__;__	0.0
d__Eukaryota;p__Peronosporomycetes;c__Peronosporomycetes;o__Peronosporomycetes;f__Peronosporomycetes;g__Lagenidium;s__Lagenidium_giganteum	0.0
d__Eukaryota;p__Peronosporomycetes;c__Peronosporomycetes;o__Peronosporomycetes;f__Peronosporomycetes;g__Haptoglossa;__	0.0
d__Eukaryota;p__Peronosporomycetes;c__Peronosporomycetes;o__Peronosporomycetes;f__Peronosporomycetes;g__Halodaphnea;s__uncultured_stramenopile	0.0
d__Eukaryota;p__Peronosporomycetes;c__Peronosporomycetes;o__Peronosporomycetes;f__Peronosporomycetes;g__Aphanomyces;s__Aphanomyces_sp.	0.0
d__Eukaryota;p__Peronosporomycetes;c__Peronosporomycetes;o__Peronosporomycetes;f__Peronosporomycetes;g__Aphanomyces;s__Aphanomyces_astaci	0.0
d__Eukaryota;p__Platyhelminthes;c__Monogenea;o__Polyopisthocotylea;__;__;__	0.0
d__Eukaryota;p__Platyhelminthes;c__Rhabditophora;o__Rhabdocoela;f__Kalyptorhynchia;g__Kalyptorhynchia;s__Placorhynchus_octaculeatus	0.0
d__Eukaryota;p__Platyhelminthes;c__Rhabditophora;o__Rhabdocoela;f__Kalyptorhynchia;g__Kalyptorhynchia;s__Gyratrix_hermaphroditus	0.0
d__Eukaryota;p__Platyhelminthes;c__Rhabditophora;o__Rhabdocoela;f__Kalyptorhynchia;g__Kalyptorhynchia;__	0.0
d__Eukaryota;p__Platyhelminthes;c__Trematoda;o__Strigeidida;f__Strigeidida;g__Strigeidida;s__Psettarium_nolani	0.0
d__Eukaryota;p__Platyhelminthes;c__Trematoda;o__Strigeidida;f__Strigeidida;g__Strigeidida;__	0.0
d__Eukaryota;p__Platyhelminthes;c__Trematoda;o__Opisthorchiida;f__Opisthorchiida;g__Opisthorchiida;__	0.0
d__Eukaryota;p__Platyhelminthes;c__Trematoda;o__Echinostomida;f__Echinostomida;g__Echinostomida;__	0.0
d__Eukaryota;p__Platyhelminthes;c__Trematoda;__;__;__;__	0.0
d__Eukaryota;p__Porifera;c__Demospongiae;o__Dictyoceratida;f__Dictyoceratida;g__Dictyoceratida;s__Chelonaplysilla_erecta	0.0
d__Eukaryota;p__Phragmoplastophyta;c__Zygnematophyceae;o__Zygnematophyceae;f__Zygnematophyceae;g__Zygnematophyceae;__	0.0
d__Eukaryota;p__Porifera;c__Demospongiae;o__Clionaida;f__Clionaida;g__Clionaida;s__Spheciospongia_vesparium	0.0
d__Eukaryota;p__Porifera;c__Demospongiae;o__Biemnida;f__Biemnida;g__Biemnida;s__Biemna_fistulosa	0.0
d__Eukaryota;p__Porifera;c__Calcarea;o__Leucosolenida;f__Leucosolenida;g__Leucosolenida;__	0.0
d__Eukaryota;p__Phragmoplastophyta;c__Embryophyta;o__Magnoliophyta;f__Magnoliophyta;g__Magnoliophyta;s__Zea_mays	0.0
d__Eukaryota;p__Phragmoplastophyta;c__Embryophyta;o__Magnoliophyta;f__Magnoliophyta;g__Magnoliophyta;s__Phaseoleae_environmental	0.0
d__Eukaryota;p__Phragmoplastophyta;c__Embryophyta;o__Magnoliophyta;f__Magnoliophyta;g__Magnoliophyta;s__Juncus_effusus	0.0
d__Eukaryota;p__Phragmoplastophyta;c__Embryophyta;o__Magnoliophyta;f__Magnoliophyta;g__Magnoliophyta;s__Helianthus_annuus	0.0
d__Eukaryota;p__Phragmoplastophyta;c__Embryophyta;o__Magnoliophyta;f__Magnoliophyta;g__Magnoliophyta;s__Erythranthe_guttata	0.0
d__Eukaryota;p__Phragmoplastophyta;c__Zygnematophyceae;o__Zygnematophyceae;f__Zygnematophyceae;g__Zygnematophyceae;s__Spirogyra_sp.	0.0
d__Eukaryota;p__Porifera;c__Demospongiae;o__Demospongiae;f__Demospongiae;g__Demospongiae;__	0.0
d__Eukaryota;p__Aphelidea;c__Aphelidea;o__Aphelidea;f__Aphelidea;g__uncultured;s__uncultured_fungus	0.0
d__Eukaryota;p__Aphelidea;c__Aphelidea;o__Aphelidea;f__Aphelidea;g__Paraphelidium;s__uncultured_fungus	0.0
d__Eukaryota;p__Apicomplexa;c__Conoidasida;o__Cryptosporida;f__Cryptosporida;g__Cryptosporidium;s__Colpodella_sp.	0.0
d__Eukaryota;p__Apicomplexa;c__Conoidasida;o__Cryptosporida;f__Cryptosporida;g__Cryptosporidium;s__Colpodella_angusta	0.0
d__Eukaryota;p__Apicomplexa;c__Conoidasida;o__Cryptosporida;f__Cryptosporida;g__Cryptosporidium;__	0.0
d__Eukaryota;p__Apicomplexa;c__Conoidasida;o__Coccidia;f__Eimeriorina;g__Margolisiella;__	0.0
d__Eukaryota;p__Apicomplexa;c__Conoidasida;o__Coccidia;f__Eimeriorina;g__Goussia;s__Eimeria_subepithelialis	0.0
d__Eukaryota;p__Apicomplexa;c__Conoidasida;o__Coccidia;f__Eimeriorina;g__Goussia;__	0.0
d__Eukaryota;p__Peronosporomycetes;c__Peronosporomycetes;o__Peronosporomycetes;f__Peronosporomycetes;g__Peronosporomycetes;s__Olpidiopsis_pyropiae	0.0
d__Eukaryota;p__Apicomplexa;c__Conoidasida;o__Coccidia;f__Eimeriorina;g__Eimeria;__	0.0
d__Eukaryota;p__Apicomplexa;c__Conoidasida;o__Gregarinasina;f__Eugregarinorida;g__Eugregarinorida;s__Lecudina_longissima	0.0
d__Eukaryota;p__Apicomplexa;c__Conoidasida;o__Gregarinasina;f__Eugregarinorida;__;__	0.0
d__Eukaryota;p__Apicomplexa;c__Conoidasida;o__Gregarinasina;f__Archigregarinorida;g__Selenidium;s__Selenidium_sp.	0.0
d__Eukaryota;p__Apicomplexa;c__Conoidasida;o__Gregarinasina;f__Archigregarinorida;g__Selenidium;s__Selenidium_sabellae	0.0
d__Eukaryota;p__Apicomplexa;c__Conoidasida;o__Gregarinasina;f__Archigregarinorida;g__Selenidium;s__Selenidium_cf.	0.0
d__Eukaryota;p__Ochrophyta;c__Raphidophyceae;o__Chattonellales;f__Chattonellales;g__Gonyostomum;s__Gonyostomum_semen	0.0
d__Eukaryota;p__Ochrophyta;c__Raphidophyceae;o__Chattonellales;f__Chattonellales;g__Chloromorum;s__Chloromorum_sp.	0.0
d__Eukaryota;p__Ochrophyta;c__Pinguiophyceae;o__Pinguiochrysidales;f__Pinguiochrysidales;g__Phaeomonas;s__Phaeomonas_parva	0.0
d__Eukaryota;p__Apicomplexa;c__Conoidasida;o__Coccidia;f__Eimeriorina;g__Eimeriorina;s__Apicomplexa_sp.	0.0
d__Eukaryota;p__Peronosporomycetes;c__Peronosporomycetes;o__Peronosporomycetes;f__Peronosporomycetes;g__Peronosporomycetes;s__Ochromonadaceae_environmental	0.0
d__Eukaryota;p__Peronosporomycetes;c__Peronosporomycetes;o__Peronosporomycetes;f__Peronosporomycetes;g__Peronosporomycetes;s__Myzocytiopsis_sp.	0.0
d__Eukaryota;p__Peronosporomycetes;c__Peronosporomycetes;o__Peronosporomycetes;f__Peronosporomycetes;g__Peronosporomycetes;s__Hyaloperonospora_parasitica	0.0
d__Eukaryota;p__Peronosporomycetes;c__Peronosporomycetes;o__Peronosporomycetes;f__Peronosporomycetes;g__Peronosporomycetes;s__Atkinsiella_dubia	0.0
d__Eukaryota;p__Peronosporomycetes;c__Peronosporomycetes;o__Peronosporomycetes;f__Peronosporomycetes;g__uncultured;__	0.0
d__Eukaryota;p__Peronosporomycetes;c__Peronosporomycetes;o__Peronosporomycetes;f__Peronosporomycetes;g__Pythium;s__Pythium_heterothallicum	0.0
d__Eukaryota;p__Peronosporomycetes;c__Peronosporomycetes;o__Peronosporomycetes;f__Peronosporomycetes;g__Phytophthora;__	0.0
d__Eukaryota;p__Peronosporomycetes;c__Peronosporomycetes;o__Peronosporomycetes;f__Peronosporomycetes;g__Peronosporomycetes;s__uncultured_Hyaloperonospora	0.0
d__Eukaryota;p__Peronosporomycetes;c__Peronosporomycetes;o__Peronosporomycetes;f__Peronosporomycetes;g__Peronosporomycetes;s__Pythium_cystogenes	0.0
d__Eukaryota;p__Apicomplexa;c__Apicomplexa;o__Apicomplexa;f__Apicomplexa;g__Apicomplexa;__	0.0
d__Eukaryota;p__Phragmoplastophyta;c__Charophyceae;o__Charales;f__Charales;g__Chara;__	0.0
d__Eukaryota;p__Phragmoplastophyta;__;__;__;__;__	0.0
d__Eukaryota;p__Aphelidea;c__Aphelidea;o__Aphelidea;f__Aphelidea;g__Paraphelidium;s__Paraphelidium_tribonemae	0.0
d__Eukaryota;p__Aphelidea;c__Aphelidea;o__Aphelidea;f__Aphelidea;g__Aphelidium;s__uncultured_eukaryote	0.0
d__Eukaryota;p__Aphelidea;c__Aphelidea;o__Aphelidea;f__Aphelidea;g__Aphelidea;s__uncultured_eukaryote	0.0
d__Eukaryota;p__Aphelidea;c__Aphelidea;o__Aphelidea;f__Aphelidea;__;__	0.0
d__Eukaryota;p__Annelida;c__Polychaeta;o__Terebellida;f__Terebellida;g__Terebellida;s__Lysilla_sp.	0.0
d__Eukaryota;p__Apicomplexa;c__Conoidasida;o__Coccidia;f__Adeleorina;g__Adelina;s__Adelina_grylli	0.0
d__Eukaryota;p__Apicomplexa;c__Conoidasida;o__Coccidia;f__Adeleorina;__;__	0.0
d__Eukaryota;p__Phragmoplastophyta;c__Embryophyta;o__Magnoliophyta;f__Magnoliophyta;g__Magnoliophyta;s__Arabidopsis_thaliana	0.0
d__Eukaryota;p__Cercozoa;c__Imbricatea;o__Spongomonadida;f__Spongomonadida;g__Spongomonas;s__metagenome	0.0
d__Eukaryota;p__Cercozoa;c__Imbricatea;o__Spongomonadida;f__Spongomonadida;g__Spongomonas;s__Spongomonas_minima	0.0
d__Eukaryota;p__Cercozoa;c__Imbricatea;o__Spongomonadida;f__Spongomonadida;g__Spongomonas;__	0.0
d__Eukaryota;p__Cercozoa;c__Imbricatea;o__Marimonadida;f__Marimonadida;g__Pseudopirsonia;s__uncultured_Rhizaria	0.0
d__Eukaryota;p__Cercozoa;c__Novel_Clade_10;o__Novel_Clade_10;f__Novel_Clade_10;g__Novel_Clade_10;s__uncultured_eukaryote	0.0
d__Eukaryota;p__Cercozoa;c__Novel_Clade_10;o__Novel_Clade_10;f__Novel_Clade_10;g__Novel_Clade_10;s__Aquavolon_dientrani	0.0
d__Eukaryota;p__Cercozoa;c__Metromonadea;o__Metromonadea;f__Metromonadea;g__Micrometopion;s__uncultured_eukaryote	0.0
d__Eukaryota;p__Cercozoa;c__Metromonadea;o__Metromonadea;f__Metromonadea;g__Micrometopion;s__Micrometopion_nutans	0.0
d__Eukaryota;p__Gastrotricha;c__Gastrotricha;o__Chaetonotida;f__Chaetonotida;g__Chaetonotida;s__uncultured_eukaryote	0.0
d__Eukaryota;p__Cercozoa;c__Incertae_Sedis;o__Incertae_Sedis;f__Incertae_Sedis;g__Gymnophrys;s__uncultured_freshwater	0.0
d__Eukaryota;p__Cercozoa;c__Novel_Clade_Gran-3;o__Novel_Clade_Gran-3;f__Novel_Clade_Gran-3;g__Novel_Clade_Gran-3;s__uncultured_freshwater	0.0
d__Eukaryota;p__Cercozoa;c__Novel_Clade_2;o__Novel_Clade_2;f__Novel_Clade_2;g__Novel_Clade_2;s__uncultured_freshwater	0.0
d__Eukaryota;p__Cercozoa;c__Novel_Clade_12;o__Novel_Clade_12;f__Novel_Clade_12;g__Novel_Clade_12;s__uncultured_freshwater	0.0
d__Eukaryota;p__Cercozoa;c__Novel_Clade_12;o__Novel_Clade_12;f__Novel_Clade_12;g__Novel_Clade_12;s__uncultured_eukaryote	0.0
d__Eukaryota;p__Cercozoa;c__Novel_Clade_10;o__Novel_Clade_10;f__Novel_Clade_10;g__Novel_Clade_10;s__uncultured_freshwater	0.0
d__Eukaryota;p__Cercozoa;c__Phytomyxea;o__Phytomyxea;f__Phytomyxea;g__Plasmodiophora;s__Plasmodiophora_brassicae	0.0
d__Eukaryota;p__Cercozoa;c__Phytomyxea;o__Phytomyxea;f__Phytomyxea;g__Phytomyxea;s__uncultured_eukaryote	0.0
d__Eukaryota;p__Cercozoa;c__Phytomyxea;o__Phytomyxea;f__Phytomyxea;g__Phagomyxa;s__Phagomyxa_bellerocheae	0.0
d__Eukaryota;p__Cercozoa;c__Incertae_Sedis;o__Incertae_Sedis;f__Incertae_Sedis;g__Kraken;s__metagenome	0.0
d__Eukaryota;p__Basidiomycota;c__Agaricomycetes;o__Cantharellales;f__Tulasnellaceae;g__Tulasnella;s__Tulasnella_asymmetrica	0.0
d__Eukaryota;p__Basidiomycota;c__Agaricomycetes;o__Boletales;__;__;__	0.0
d__Eukaryota;p__Basidiomycota;c__Agaricomycetes;o__Agaricomycetes;f__Agaricomycetes;g__Agaricomycetes;__	0.0
d__Eukaryota;p__Basidiomycota;c__Agaricomycetes;o__Agaricales;f__Agaricales;__;__	0.0
d__Eukaryota;p__Cercozoa;c__Phytomyxea;o__Phytomyxea;f__Phytomyxea;g__uncultured;__	0.0
d__Eukaryota;p__Cercozoa;c__Phytomyxea;o__Phytomyxea;f__Phytomyxea;g__Polymyxa;s__Polymyxa_betae	0.0
d__Eukaryota;p__Cercozoa;c__Phytomyxea;o__Phytomyxea;f__Phytomyxea;g__Polymyxa;__	0.0
d__Eukaryota;p__Cercozoa;c__Thecofilosea;o__Cryomonadida;f__Rhizaspididae;g__Rhogostoma;s__uncultured_eukaryote	0.0
d__Eukaryota;p__Cercozoa;c__Thecofilosea;o__Cryomonadida;f__Rhizaspididae;g__Rhogostoma;__	0.0
d__Eukaryota;p__Cercozoa;c__Incertae_Sedis;o__Incertae_Sedis;f__Incertae_Sedis;g__Gymnophrys;__	0.0
d__Eukaryota;p__Cercozoa;c__Thecofilosea;o__Cryomonadida;f__Protaspidae;g__Protaspis;s__Protaspis_sp.	0.0
d__Eukaryota;p__Cercozoa;c__Thecofilosea;o__Incertae_Sedis;f__Incertae_Sedis;__;__	0.0
d__Eukaryota;p__Cercozoa;c__Thecofilosea;o__Ebriacea;f__Ebriacea;g__Ebria;s__Cercozoa_sp.	0.0
d__Eukaryota;p__Cercozoa;c__Thecofilosea;o__Cryomonadida;f__Ventrifissuridae;g__Ventrifissuridae;s__Ventrifissura_artocarpoidea	0.0
d__Eukaryota;p__Cercozoa;c__Thecofilosea;o__Cryomonadida;f__Ventrifissuridae;g__Ventrifissuridae;s__Cercozoa_sp.	0.0
d__Eukaryota;p__Cercozoa;c__Thecofilosea;o__Thecofilosea;f__Thecofilosea;g__uncultured;s__uncultured_Eimeriidae	0.0
d__Eukaryota;p__Cercozoa;c__Thecofilosea;o__Incertae_Sedis;f__Incertae_Sedis;g__Pseudodifflugia;s__Pseudodifflugia_cf.	0.0
d__Eukaryota;p__Cercozoa;c__Thecofilosea;o__Incertae_Sedis;f__Incertae_Sedis;g__Lecythium;__	0.0
d__Eukaryota;p__Cercozoa;c__Incertae_Sedis;o__Incertae_Sedis;f__Incertae_Sedis;g__Gymnophrys;s__uncultured_eukaryote	0.0
d__Eukaryota;p__Cercozoa;c__Thecofilosea;o__Cryomonadida;f__Protaspidae;g__Protaspis;s__uncultured_eukaryote	0.0
d__Eukaryota;p__Basidiomycota;c__Agaricomycetes;o__Corticiales;f__Corticiaceae;g__Hyphodontia;__	0.0
d__Eukaryota;p__Basidiomycota;c__Agaricomycetes;o__Cantharellales;f__Tulasnellaceae;g__Tulasnella;s__uncultured_Tulasnella	0.0
d__Eukaryota;p__Basidiomycota;c__Agaricostilbomycetes;o__Agaricostilbales;f__Kondoaceae;__;__	0.0
d__Eukaryota;p__Basidiomycota;c__Agaricostilbomycetes;o__Agaricostilbales;f__Agaricostilbaceae;g__Pseudobensingtonia;__	0.0
d__Eukaryota;p__Basidiomycota;c__Agaricomycetes;o__uncultured;f__uncultured;g__uncultured;s__uncultured_eukaryote	0.0
d__Eukaryota;p__Basidiomycota;c__Agaricomycetes;o__uncultured;f__uncultured;g__uncultured;__	0.0
d__Eukaryota;p__Basidiomycota;c__Agaricomycetes;o__Thelephorales;f__uncultured;g__uncultured;__	0.0
d__Eukaryota;p__Basidiomycota;c__Agaricomycetes;o__Russulales;f__Stereaceae;__;__	0.0
d__Eukaryota;p__Cercozoa;c__Phytomyxea;o__Phytomyxea;f__Phytomyxea;g__Maullinia;s__uncultured_eukaryote	0.0
d__Eukaryota;p__Basidiomycota;c__Exobasidiomycetes;o__Entylomatales;f__Incertae_Sedis;g__Tilletiopsis;__	0.0
d__Eukaryota;p__Basidiomycota;c__Exobasidiomycetes;__;__;__;__	0.0
d__Eukaryota;p__Basidiomycota;c__Cystobasidiomycetes;o__Incertae_Sedis;f__Incertae_Sedis;g__Buckleyzyma;s__Buckleyzyma_aurantiaca	0.0
d__Eukaryota;p__Basidiomycota;c__Cystobasidiomycetes;o__Incertae_Sedis;f__Incertae_Sedis;__;__	0.0
d__Eukaryota;p__Basidiomycota;c__Cystobasidiomycetes;o__Erythrobasidiales;f__Erythrobasidiaceae;g__Bannoa;s__Bannoa_ogasawarensis	0.0
d__Eukaryota;p__Basidiomycota;c__Cystobasidiomycetes;__;__;__;__	0.0
d__Eukaryota;p__Basidiomycota;c__Agaricostilbomycetes;o__Agaricostilbales;f__Kondoaceae;g__Kondoa;__	0.0
d__Eukaryota;p__Basidiomycota;c__Exobasidiomycetes;o__Microstromatales;f__Incertae_Sedis;g__Sympodiomycopsis;s__Sympodiomycopsis_paphiopedili	0.0
d__Eukaryota;p__Basidiomycota;c__Exobasidiomycetes;o__Microstromatales;__;__;__	0.0
d__Eukaryota;p__Basidiomycota;c__Exobasidiomycetes;o__Exobasidiales;__;__;__	0.0
d__Eukaryota;p__Cercozoa;c__Phytomyxea;o__Phytomyxea;f__Phytomyxea;__;__	0.0
d__Eukaryota;p__Cercozoa;c__Novel_Clade_Gran-5;o__Novel_Clade_Gran-5;f__Novel_Clade_Gran-5;g__Novel_Clade_Gran-5;s__uncultured_eukaryote	0.0
d__Eukaryota;p__Cercozoa;c__Imbricatea;o__Imbricatea;f__Imbricatea;g__Nudifila;s__metagenome	0.0
d__Eukaryota;p__Cercozoa;c__Imbricatea;o__Imbricatea;f__Euglyphida;g__uncultured;s__uncultured_Euglyphidae	0.0
d__Eukaryota;p__Cercozoa;c__Imbricatea;o__Imbricatea;f__Euglyphida;g__Trinema;s__uncultured_eukaryote	0.0
d__Eukaryota;p__Cercozoa;c__Imbricatea;o__Imbricatea;f__Euglyphida;g__Trinema;__	0.0
d__Eukaryota;p__Cercozoa;c__Imbricatea;o__Imbricatea;f__Euglyphida;g__Tracheleuglypha;s__Tracheleuglypha_dentata	0.0
d__Eukaryota;p__Cercozoa;c__Imbricatea;o__Imbricatea;f__Thaumatomonadida;g__CCe;s__Cercozoa_sp.	0.0
d__Eukaryota;p__Cercozoa;c__Imbricatea;o__Imbricatea;f__Thaumatomonadida;g__Thaumatomonas;__	0.0
d__Eukaryota;p__Basidiomycota;c__Agaricomycetes;o__Hymenochaetales;f__Hymenochaetaceae;g__Hymenochaetaceae;s__unidentified	0.0
d__Eukaryota;p__Cercozoa;c__Imbricatea;o__Imbricatea;f__Thaumatomonadida;g__Thaumatomastix;s__uncultured_Thaumatomastix	0.0
d__Eukaryota;p__Cercozoa;c__Imbricatea;o__Marimonadida;f__Marimonadida;g__Pseudopirsonia;s__Pseudopirsonia_mucosa	0.0
d__Eukaryota;p__Cercozoa;c__Imbricatea;o__Marimonadida;f__Marimonadida;g__NAMAKO-15;s__uncultured_eukaryote	0.0
d__Eukaryota;p__Basidiomycota;c__Tremellomycetes;o__Tremellales;f__Bulleribasidiaceae;g__Vishniacozyma;__	0.0
d__Eukaryota;p__Basidiomycota;c__Tremellomycetes;o__Tremellales;f__Bulleribasidiaceae;g__Derxomyces;__	0.0
d__Eukaryota;p__Basidiomycota;c__Agaricomycetes;o__Russulales;__;__;__	0.0
d__Eukaryota;p__Basidiomycota;c__Agaricomycetes;o__Polyporales;f__Polyporales;__;__	0.0
d__Eukaryota;p__Basidiomycota;c__Agaricomycetes;o__Polyporales;f__Coriolaceae;g__Coriolaceae;s__Oxyporus_sp.	0.0
d__Eukaryota;p__Basidiomycota;c__Agaricomycetes;o__Polyporales;__;__;__	0.0
d__Eukaryota;p__Cercozoa;c__Imbricatea;o__Imbricatea;f__Thaumatomonadida;g__Thaumatomonadidae;__	0.0
d__Eukaryota;p__Chlorophyta;c__Chlorophyceae;o__Chlorophyceae;f__Chlorophyceae;g__Chlorophyceae;s__Aphanochaete_sp.	0.0
d__Eukaryota;p__Chlorophyta;c__Chlorophyceae;o__Chaetopeltidales;f__Chaetopeltidales;g__Chaetopeltidales;s__Dicranochaete_sp.	0.0
d__Eukaryota;p__Chlorophyta;c__Chlorophyceae;__;__;__;__	0.0
d__Eukaryota;p__Chlorophyta;c__Chlorodendrophyceae;o__Chlorodendrophyceae;f__Chlorodendrophyceae;g__Chlorodendrophyceae;s__Scherffelia_dubia	0.0
d__Eukaryota;p__Chlorophyta;c__Chlorodendrophyceae;o__Chlorodendrales;f__Chlorodendrales;g__Tetraselmis;s__uncultured_prasinophyte	0.0
d__Eukaryota;p__Chlorophyta;c__Chlorophyceae;o__Chlorophyceae;f__Chlorophyceae;g__Chlorophyceae;s__uncultured_Dunaliellaceae	0.0
d__Eukaryota;p__Chlorophyta;c__Chlorophyceae;o__Chlorophyceae;f__Chlorophyceae;g__Chlorophyceae;s__phytoplankton_environmental	0.0
d__Eukaryota;p__Chlorophyta;c__Chlorophyceae;o__Chlorophyceae;f__Chlorophyceae;g__Chlorophyceae;s__Phacotus_lenticularis	0.0
d__Eukaryota;p__Basidiomycota;c__Agaricomycetes;o__Cantharellales;f__Tulasnellaceae;g__Tulasnella;s__Tulasnella_violea	0.0
d__Eukaryota;p__Chlorophyta;c__Chlorophyceae;o__Chlorophyceae;f__Chlorophyceae;g__Chlorophyceae;s__Chlamydomonas_sp.	0.0
d__Eukaryota;p__Chlorophyta;c__Chlorophyceae;o__Chlorophyceae;f__Chlorophyceae;g__Chlorophyceae;s__Chlamydomonas_neoplanoconvexa	0.0
d__Eukaryota;p__Chlorophyta;c__Incertae_Sedis;o__Incertae_Sedis;f__Incertae_Sedis;g__Picocystis;__	0.0
d__Eukaryota;p__Chlorophyta;c__Clade_VII;o__Subclade_B;f__Subclade_B;g__Subclade_B;s__uncultured_eukaryote	0.0
d__Eukaryota;p__Chlorophyta;c__Clade_IX;o__Clade_IX;f__Clade_IX;g__Clade_IX;s__uncultured_eukaryote	0.0
d__Eukaryota;p__Chlorophyta;c__Clade_IX;o__Clade_IX;f__Clade_IX;g__Clade_IX;__	0.0
d__Eukaryota;p__Chlorophyta;c__Chlorophyceae;o__Chlorophyceae;f__Chlorophyceae;g__Chlorophyceae;s__uncultured_eukaryote	0.0
d__Eukaryota;p__Chlorophyta;c__Mamiellophyceae;o__Mamiellophyceae;f__Mamiellophyceae;__;__	0.0
d__Eukaryota;p__Chlorophyta;c__Mamiellophyceae;o__Mamiellales;f__Mamiellales;g__Ostreococcus;s__uncultured_Chlorophyta	0.0
d__Eukaryota;p__Chlorophyta;c__Chlorophyceae;o__Chlorophyceae;f__Chlorophyceae;g__Chlorophyceae;s__Chlorococcum_sp.	0.0
d__Eukaryota;p__Chytridiomycota;c__Chytridiomycetes;o__Incertae_Sedis;f__Synchytriaceae;g__Synchytrium;__	0.0
d__Eukaryota;p__Chytridiomycota;c__Chytridiomycetes;o__Incertae_Sedis;f__Incertae_Sedis;g__Incertae_Sedis;s__uncultured_Chytridiomycota	0.0
d__Eukaryota;p__Chlorophyta;c__Mamiellophyceae;o__Monomastigales;f__Monomastigales;g__Monomastix;s__uncultured_Chlorophyta	0.0
d__Eukaryota;p__Chlorophyta;c__Mamiellophyceae;o__Monomastigales;f__Monomastigales;g__Monomastix;s__Monomastix_minuta	0.0
d__Eukaryota;p__Chlorophyta;c__Mamiellophyceae;o__Monomastigales;f__Monomastigales;g__Monomastix;__	0.0
d__Eukaryota;p__Chlorophyta;c__Mamiellophyceae;o__Mamiellophyceae;f__Mamiellophyceae;g__Dolichomastix;s__Dolichomastix_tenuilepis	0.0
d__Eukaryota;p__Chlorophyta;c__Prasinophytae;o__Prasinococcales;f__Prasinococcales;g__Prasinococcus;s__Prasinococcus_sp.	0.0
d__Eukaryota;p__Chlorophyta;c__Pedinophyceae;o__Pedinomonadales;f__Pedinomonadales;g__Pedinomonas;s__Pedinomonas_tuberculata	0.0
d__Eukaryota;p__Chlorophyta;c__Pedinophyceae;o__Pedinomonadales;f__Pedinomonadales;g__Pedinomonas;s__Pedinomonas_sp.	0.0
d__Eukaryota;p__Chlorophyta;c__Chlorophyceae;o__Chlorophyceae;f__Chlorophyceae;g__Chlorophyceae;s__Carteria_sp.	0.0
d__Eukaryota;p__Chlorophyta;c__Pedinophyceae;o__Pedinomonadales;f__Pedinomonadales;g__Pedinomonas;__	0.0
d__Eukaryota;p__Chlorophyta;c__Nephroselmidophyceae;o__Nephroselmidales;f__Nephroselmidales;g__Nephroselmis;s__Nephroselmis_rotunda	0.0
d__Eukaryota;p__Chlorophyta;c__Trebouxiophyceae;o__Trebouxiophyceae;f__Trebouxiophyceae;g__Trebouxiophyceae;s__uncultured_Apatococcus	0.0
d__Eukaryota;p__Chlorophyta;c__Trebouxiophyceae;o__Trebouxiophyceae;f__Trebouxiophyceae;g__Trebouxiophyceae;s__Pseudochlorella_signiensis	0.0
d__Eukaryota;p__Chlorophyta;c__Trebouxiophyceae;o__Trebouxiophyceae;f__Trebouxiophyceae;g__Trebouxiophyceae;s__Heveochlorella_hainangensis	0.0
d__Eukaryota;p__Chlorophyta;c__Trebouxiophyceae;o__Trebouxiophyceae;f__Trebouxiophyceae;g__Trebouxiophyceae;s__Chlorella_coloniales	0.0
d__Eukaryota;p__Chlorophyta;c__Trebouxiophyceae;o__Trebouxiophyceae;f__Trebouxiophyceae;g__Trebouxiophyceae;s__Botryococcus_braunii	0.0
d__Eukaryota;p__Chlorophyta;c__Ulvophyceae;o__Ulvophyceae;f__Ulvophyceae;g__Ulvophyceae;s__marine_metagenome	0.0
d__Eukaryota;p__Chlorophyta;c__Ulvophyceae;o__Ulvophyceae;f__Ulvophyceae;g__Ulvophyceae;s__Phaeophila_dendroides	0.0
d__Eukaryota;p__Chlorophyta;c__Pedinophyceae;o__Pedinomonadales;f__Pedinomonadales;g__Pedinomonas;s__Pedinomonas_minor	0.0
d__Eukaryota;p__Ascomycota;c__Saccharomycetes;o__Saccharomycetales;f__Saccharomycopsidaceae;g__Saccharomycopsis;s__Saccharomycopsis_fibuligera	0.0
d__Eukaryota;p__Ascomycota;c__Saccharomycetes;o__Saccharomycetales;f__Saccharomycetaceae;g__Saccharomyces;__	0.0
d__Eukaryota;p__Ascomycota;c__Saccharomycetes;o__Saccharomycetales;f__Saccharomycetaceae;g__Kazachstania;s__Kazachstania_telluris	0.0
d__Eukaryota;p__Ascomycota;c__Saccharomycetes;o__Saccharomycetales;f__Pichiaceae;g__Saturnispora;s__Saturnispora_silvae	0.0
d__Eukaryota;p__Ascomycota;c__Saccharomycetes;o__Saccharomycetales;f__Pichiaceae;g__Pichia;__	0.0
d__Eukaryota;p__Ascomycota;c__Sordariomycetes;o__Hypocreales;f__Stachybotryaceae;g__Myrothecium;__	0.0
d__Eukaryota;p__Ascomycota;c__Sordariomycetes;o__Hypocreales;f__Nectriaceae;__;__	0.0
d__Eukaryota;p__Ascomycota;c__Sordariomycetes;o__Hypocreales;f__Incertae_Sedis;__;__	0.0
d__Eukaryota;p__Ascomycota;c__Sordariomycetes;o__Hypocreales;__;__;__	0.0
d__Eukaryota;p__Cercozoa;c__Vampyrellidae;o__Vampyrellidae;f__Vampyrellidae;g__Vampyrellidae;s__uncultured_eukaryote	0.0
d__Eukaryota;p__Ascomycota;c__Sordariomycetes;o__Diaporthales;__;__;__	0.0
d__Eukaryota;p__Ascomycota;c__Sordariomycetes;__;__;__;__	0.0
d__Eukaryota;p__Ascomycota;c__Schizosaccharomycetes;o__Schizosaccharomycetales;f__Schizosaccharomycetaceae;g__Schizosaccharomyces;s__Schizosaccharomyces_pombe	0.0
d__Eukaryota;p__Bangiales;c__Bangiales;o__Bangiales;f__Porphyra-Pyropia;g__Porphyra-Pyropia;__	0.0
d__Eukaryota;p__Ascomycota;c__Taphrinomycetes;o__Taphrinales;__;__;__	0.0
d__Eukaryota;p__Ascomycota;c__Sordariomycetes;o__Xylariales;f__Xylariaceae;__;__	0.0
d__Eukaryota;p__Ascomycota;c__Sordariomycetes;o__Xylariales;__;__;__	0.0
d__Eukaryota;p__Ascomycota;c__Sordariomycetes;o__Sordariomycetes;f__Sordariomycetes;g__Sordariomycetes;s__Phyllachora_graminis	0.0
d__Eukaryota;p__Ascomycota;c__Sordariomycetes;o__Sordariales;__;__;__	0.0
d__Eukaryota;p__Ascomycota;c__Sordariomycetes;o__Glomerellales;f__Glomerellaceae;g__Colletotrichum;__	0.0
d__Eukaryota;p__Cercozoa;c__Vampyrellidae;o__Vampyrellidae;f__Vampyrellidae;g__Vampyrellidae;s__Platyreta_germanica	0.0
d__Eukaryota;p__Cercozoa;c__Vampyrellidae;o__Vampyrellidae;f__Vampyrellidae;g__Vampyrellidae;s__Cercozoa_sp.	0.0
d__Eukaryota;p__Cercozoa;c__Vampyrellidae;o__Vampyrellidae;f__Vampyrellidae;g__Vampyrella;s__uncultured_eukaryote	0.0
d__Eukaryota;p__Cercozoa;c__uncultured;o__uncultured;f__uncultured;g__uncultured;s__Cercozoa_sp.	0.0
d__Eukaryota;p__Cercozoa;c__uncultured;o__uncultured;f__uncultured;g__uncultured;s__Ammopiptanthus_mongolicus	0.0
d__Eukaryota;p__Cercozoa;c__Vampyrellidae;o__Vampyrellidae;f__Vampyrellidae;g__uncultured;s__uncultured_alveolate	0.0
d__Eukaryota;p__Cercozoa;c__Vampyrellidae;o__Vampyrellidae;f__Vampyrellidae;g__uncultured;s__uncultured_Rhizaria	0.0
d__Eukaryota;p__Cercozoa;c__Vampyrellidae;o__Vampyrellidae;f__Vampyrellidae;g__uncultured;s__uncultured_Eimeriidae	0.0
d__Eukaryota;p__Cercozoa;c__uncultured;o__uncultured;f__uncultured;g__uncultured;s__uncultured_Eimeriidae	0.0
d__Eukaryota;p__Ascomycota;c__Saccharomycetes;o__Saccharomycetales;f__Trichomonascaceae;__;__	0.0
d__Eukaryota;p__Cercozoa;c__uncultured;o__uncultured;f__uncultured;g__uncultured;s__Reticulamoeba_sp.	0.0
d__Eukaryota;p__Cercozoa;c__uncultured;o__uncultured;f__uncultured;g__uncultured;s__Kiitoksia_sp.	0.0
d__Eukaryota;p__Cercozoa;c__uncultured;o__uncultured;f__uncultured;g__uncultured;s__Dimorpha-like_sp.	0.0
d__Eukaryota;p__Chlorophyta;c__Chlorodendrophyceae;__;__;__;__	0.0
d__Eukaryota;p__Chaetognatha;c__Sagittoidea;o__Aphragmophora;f__Aphragmophora;g__Aphragmophora;__	0.0
d__Eukaryota;p__Cercozoa;c__uncultured;o__uncultured;f__uncultured;g__uncultured;s__uncultured_freshwater	0.0
d__Eukaryota;p__Basidiomycota;c__Exobasidiomycetes;o__Exobasidiales;f__Exobasidiaceae;g__Exobasidium;s__Exobasidium_pachysporum	0.0
d__Eukaryota;p__Basidiomycota;c__Exobasidiomycetes;o__Exobasidiales;f__Exobasidiaceae;g__Exobasidium;__	0.0
d__Eukaryota;p__Ascomycota;c__Saccharomycetes;o__Saccharomycetales;f__Trichomonascaceae;g__Trichomonascus;__	0.0
d__Eukaryota;p__Cercozoa;c__uncultured;o__uncultured;f__uncultured;g__uncultured;s__eukaryotic_picoplankton	0.0
d__Eukaryota;p__Basidiomycota;c__Tremellomycetes;o__Filobasidiales;f__Filobasidiaceae;g__Naganishia;__	0.0
d__Eukaryota;p__Basidiomycota;c__Tremellomycetes;o__Filobasidiales;f__Filobasidiaceae;g__Heterocephalacria;__	0.0
d__Eukaryota;p__Basidiomycota;c__Tremellomycetes;o__Filobasidiales;f__Filobasidiaceae;__;__	0.0
d__Eukaryota;p__Basidiomycota;c__Tremellomycetes;o__Filobasidiales;__;__;__	0.0
d__Eukaryota;p__Basidiomycota;c__Tremellomycetes;o__Cystofilobasidiales;f__Mrakiaceae;g__Mrakiaceae;s__uncultured_Auriculariaceae	0.0
d__Eukaryota;p__Basidiomycota;c__Tremellomycetes;o__Trichosporonales;f__Trichosporonaceae;g__Apiotrichum;__	0.0
d__Eukaryota;p__Basidiomycota;c__Tremellomycetes;o__Tremellales;f__Tremellaceae;g__Tremella;__	0.0
d__Eukaryota;p__Basidiomycota;c__Tremellomycetes;o__Tremellales;f__Cuniculitremaceae;g__Kockovaella;__	0.0
d__Eukaryota;p__Cercozoa;c__Imbricatea;o__Marimonadida;f__Marimonadida;g__Marimonadida;s__Auranticordis_quadriverberis	0.0
d__Eukaryota;p__Basidiomycota;c__Tremellomycetes;o__Tremellales;f__Cryptococcaceae;g__Cryptococcus;__	0.0
d__Eukaryota;p__Basidiomycota;c__Tremellomycetes;o__Tremellales;f__Cryptococcaceae;__;__	0.0
d__Eukaryota;p__Amoebozoa;c__Discosea;o__Vannellida;f__Vannellida;g__Vannella;s__uncultured_Eimeriidae	0.0
d__Eukaryota;p__Ancyromonadida;c__Ancyromonadida;o__Ancyromonadida;f__Ancyromonadida;g__Ancyromonadida;s__uncultured_eukaryote	0.0
d__Eukaryota;p__Amoebozoa;c__Discosea;o__Vannellida;f__Vannellida;g__Vannella;__	0.0
d__Eukaryota;p__Xenacoelomorpha;c__Acoela;o__Acoela;f__Acoela;g__Acoela;s__Convoluta_pulchra	0.0
d__Eukaryota;p__Xenacoelomorpha;c__Acoela;o__Acoela;f__Acoela;g__Acoela;s__Conaperta_norwegica	0.0
d__Eukaryota;p__Xenacoelomorpha;c__Acoela;o__Acoela;f__Acoela;g__Acoela;s__Childia_groenlandica	0.0
d__Eukaryota;p__Xenacoelomorpha;c__Acoela;o__Acoela;f__Acoela;g__Acoela;s__Amphiscolops_sp.	0.0
d__Eukaryota;p__Basidiomycota;c__Tremellomycetes;o__Tremellales;f__Cryptococcaceae;g__Cryptococcus;s__Cryptococcus_gattii	0.0
d__Eukaryota;p__Bicosoecida;c__LG08-10;o__LG08-10;f__LG08-10;g__LG08-10;s__uncultured_stramenopile	0.0
d__Eukaryota;p__Bicosoecida;c__LG08-10;o__LG08-10;f__LG08-10;g__LG08-10;s__metagenome	0.0
d__Eukaryota;p__Bicosoecida;c__CH1-2B-3;o__CH1-2B-3;f__CH1-2B-3;g__CH1-2B-3;s__Bicosoecida_gen.	0.0
d__Eukaryota;p__Basidiomycota;c__Pucciniomycetes;o__Pucciniales;f__Pucciniaceae;g__Puccinia;__	0.0
d__Eukaryota;p__Basidiomycota;c__Pucciniomycetes;o__Pucciniales;__;__;__	0.0
d__Eukaryota;p__Basidiomycota;c__Microbotryomycetes;o__Sporidiobolales;f__Sporidiobolaceae;__;__	0.0
d__Eukaryota;p__Basidiomycota;c__Microbotryomycetes;o__Microbotryales;f__Microbotryaceae;g__Microbotryum;s__Microbotryum_violaceum	0.0
d__Eukaryota;p__Basidiomycota;c__Microbotryomycetes;o__Leucosporidiales;f__Leucosporidiaceae;g__Leucosporidium;__	0.0
d__Eukaryota;p__Basidiomycota;c__Microbotryomycetes;o__Incertae_Sedis;f__Chrysozymaceae;__;__	0.0
d__Eukaryota;p__Basidiomycota;c__Tremellomycetes;o__Filobasidiales;f__Filobasidiaceae;g__Naganishia;s__uncultured_eukaryote	0.0
d__Eukaryota;p__Basidiomycota;c__Tremellomycetes;o__Cystofilobasidiales;f__Mrakiaceae;__;__	0.0
d__Eukaryota;p__Basidiomycota;c__Tremellomycetes;o__Cystofilobasidiales;f__Cystofilobasidiaceae;g__Cystofilobasidium;__	0.0
d__Eukaryota;p__Basidiomycota;c__Tremellomycetes;o__Cystofilobasidiales;__;__;__	0.0
d__Eukaryota;p__Basidiomycota;c__Tremellomycetes;__;__;__;__	0.0
d__Eukaryota;p__Basidiomycota;c__Spiculogloeomycetes;o__Spiculogloeales;f__Spiculogloeaceae;g__Spiculogloeaceae;s__uncultured_Boletaceae	0.0
d__Eukaryota;p__Basidiomycota;c__Spiculogloeomycetes;o__Spiculogloeales;f__Spiculogloeaceae;g__Phyllozyma;__	0.0
d__Eukaryota;p__Basidiomycota;c__Pucciniomycetes;o__Pucciniomycetes;__;__;__	0.0
d__Eukaryota;p__Basidiomycota;c__Pucciniomycetes;o__Pucciniales;f__Pucciniaceae;g__Puccinia;s__uncultured_fungus	0.0
d__Eukaryota;p__Basidiomycota;c__Tremellomycetes;o__Tremellales;f__Bulleribasidiaceae;__;__	0.0
d__Eukaryota;p__Basidiomycota;c__Microbotryomycetes;o__Incertae_Sedis;__;__;__	0.0
d__Eukaryota;p__Amoebozoa;c__Discosea;o__Dactylopodida;f__Dactylopodida;g__Paramoeba;s__Paramoeba_pemaquidensis	0.0
d__Eukaryota;p__Amoebozoa;c__Discosea;o__Dactylopodida;f__Dactylopodida;g__Paramoeba;s__Paramoeba_branchiphila	0.0
d__Eukaryota;p__Amoebozoa;c__Discosea;o__Dactylopodida;f__Dactylopodida;g__Paramoeba;s__Paramoeba_aestuarina	0.0
d__Eukaryota;p__Amoebozoa;c__Discosea;o__Dactylopodida;f__Dactylopodida;g__Paramoeba;__	0.0
d__Eukaryota;p__Amoebozoa;c__Discosea;o__Dactylopodida;f__Dactylopodida;g__Neoparamoeba;s__Paramoeba_perurans	0.0
d__Eukaryota;p__Amoebozoa;c__Discosea;o__Dactylopodida;f__Dactylopodida;g__Korotnevella;s__Paramoeba_atlantica	0.0
d__Eukaryota;p__Amoebozoa;c__Tubulinea;o__Echinamoebida;f__Echinamoebida;g__Vermamoeba;s__Vermamoeba_vermiformis	0.0
d__Eukaryota;p__Vertebrata;c__Actinopterygii;o__Teleostei;f__Teleostei;g__Teleostei;s__Pleuronichthys_cornutus	0.0
d__Eukaryota;p__Annelida;c__Clitellata;o__Haplotaxida;f__Haplotaxida;g__Haplotaxida;s__Aeolosoma_sp.	0.0
d__Eukaryota;p__Xenacoelomorpha;c__Acoela;o__Acoela;f__Acoela;g__Acoela;__	0.0
d__Eukaryota;p__Amoebozoa;c__Discosea;o__Vannellida;f__Vannellida;g__Vannella;s__Vannella_sp.	0.0
d__Eukaryota;p__Amoebozoa;c__Discosea;o__Discosea;f__Discosea;g__Discosea;s__metagenome	0.0
d__Eukaryota;p__Amoebozoa;c__Discosea;o__Vannellida;f__Vannellida;g__Protosteliopsis;s__Protosteliopsis_fimicola	0.0
d__Eukaryota;p__Vertebrata;c__Amphibia;o__Amphibia;f__Amphibia;g__Amphibia;__	0.0
d__Eukaryota;p__Rotifera;c__Bdelloidea;__;__;__;__	0.0
d__Eukaryota;p__Amoebozoa;c__Discosea;o__Dactylopodida;f__Dactylopodida;g__Korotnevella;s__Korotnevella_stella	0.0
d__Eukaryota;p__Amoebozoa;c__Discosea;o__Dactylopodida;f__Dactylopodida;g__Dactylopodida;s__uncultured_eukaryote	0.0
d__Eukaryota;p__Amoebozoa;c__Discosea;o__Dactylopodida;f__Dactylopodida;g__Dactylopodida;s__Tubulinea_group	0.0
d__Eukaryota;p__Amoebozoa;c__Discosea;o__Dactylopodida;f__Dactylopodida;g__Dactylopodida;s__Mastigamoeba_sp.	0.0
d__Eukaryota;p__SAR;c__Labyrinthulomycetes;o__Labyrinthulomycetes;f__Labyrinthulomycetes;g__Sorodiplophrys;s__uncultured_Eimeriidae	0.0
d__Eukaryota;p__Amoebozoa;c__Amoebozoa;o__Amoebozoa;f__Amoebozoa;g__Mycamoeba;s__uncultured_freshwater	0.0
d__Eukaryota;p__Zoopagomycota;c__Entomophthoromycetes;o__Entomophthorales;f__Ancylistaceae;g__Conidiobolus;s__Conidiobolus_lamprauges	0.0
d__Eukaryota;p__Zoopagomycota;c__Entomophthoromycetes;o__Entomophthorales;f__Ancylistaceae;g__Conidiobolus;__	0.0
d__Eukaryota;p__Zoopagomycota;c__Basidiobolomycetes;o__Basidiobolales;f__Basidiobolaceae;__;__	0.0
d__Eukaryota;p__Zoopagomycota;__;__;__;__;__	0.0
d__Eukaryota;p__Xenacoelomorpha;c__Acoela;o__Acoela;f__Acoela;g__Acoela;s__Pelophila_lutheri	0.0
d__Eukaryota;p__Xenacoelomorpha;c__Acoela;o__Acoela;f__Acoela;g__Acoela;s__Paedomecynostomum_bruneum	0.0
d__Eukaryota;p__Zoopagomycota;c__Incertae_Sedis;o__Zoopagales;f__Zoopagales;g__Zoopagales;s__uncultured_eukaryote	0.0
d__Eukaryota;p__Zoopagomycota;c__Incertae_Sedis;o__Zoopagales;f__Zoopagales;g__Syncephalis;s__Syncephalis_depressa	0.0
d__Eukaryota;p__Amoebozoa;c__Discosea;o__Dactylopodida;f__Dactylopodida;g__Pseudoparamoeba;s__Pseudoparamoeba_pagei	0.0
d__Eukaryota;p__Zoopagomycota;c__Incertae_Sedis;o__Zoopagales;f__Zoopagales;__;__	0.0
d__Eukaryota;p__Zoopagomycota;c__Incertae_Sedis;o__Kickxellales;f__Kickxellaceae;g__Ramicandelaber;s__Ramicandelaber_brevisporus	0.0
d__Eukaryota;p__Zoopagomycota;c__Incertae_Sedis;o__Harpellales;f__Legeriomycetaceae;__;__	0.0
d__Eukaryota;p__Amoebozoa;c__Discosea;o__Vannellida;f__Vannellida;g__Platyamoeba;s__Platyamoeba_contorta	0.0
d__Eukaryota;p__uncultured;c__uncultured;o__uncultured;f__uncultured;g__uncultured;s__uncultured_alveolate	0.0
d__Eukaryota;p__uncultured;c__uncultured;o__uncultured;f__uncultured;g__uncultured;s__uncultured_Glenodinium	0.0
d__Eukaryota;p__Tunicata;c__Ascidiacea;o__Enterogona;f__Enterogona;g__Enterogona;s__Distaplia_dubia	0.0
d__Eukaryota;p__Amoebozoa;c__Discosea;o__Vannellida;f__BIO10-D10;g__BIO10-D10;s__Vannella_sp.	0.0
d__Eukaryota;p__Amoebozoa;c__Discosea;o__Dactylopodida;f__Dactylopodida;g__Angulamoeba;__	0.0
d__Eukaryota;p__Zoopagomycota;c__Incertae_Sedis;o__Zoopagales;f__Zoopagales;g__Cochlonema;s__Cochlonema_euryblastum	0.0
d__Eukaryota;p__Cercozoa;c__Imbricatea;o__Imbricatea;f__Euglyphida;g__Cyphoderia;__	0.0
d__Eukaryota;p__Cercozoa;c__Imbricatea;o__Imbricatea;f__Euglyphida;__;__	0.0
d__Eukaryota;p__Cercozoa;c__Granofilosea;o__Granofilosea;f__Granofilosea;g__Massisteria;s__uncultured_eukaryote	0.0
d__Eukaryota;p__Cercozoa;c__Ascetosporea;o__Haplosporida;f__Haplosporida;g__Minchinia;s__Minchinia_teredinis	0.0
d__Eukaryota;p__Cercozoa;c__Ascetosporea;o__Haplosporida;f__Haplosporida;g__Minchinia;s__Minchinia_tapetis	0.0
d__Eukaryota;p__Cercozoa;c__Ascetosporea;o__Haplosporida;f__Haplosporida;g__Minchinia;s__Haplosporidia_sp.	0.0
d__Eukaryota;p__Cercozoa;c__Ascetosporea;o__Haplosporida;f__Haplosporida;g__Minchinia;__	0.0
d__Eukaryota;p__Cercozoa;c__Ascetosporea;o__Haplosporida;f__Haplosporida;g__Haplosporidium;s__Haplosporidium_tuxtlensis	0.0
d__Eukaryota;p__Bicosoecida;c__P34.6;o__P34.6;f__P34.6;g__P34.6;s__Filos_agilis	0.0
d__Eukaryota;p__Cercozoa;c__Ascetosporea;o__Haplosporida;f__Haplosporida;g__Haplosporida;s__Haplosporidium_pinnae	0.0
d__Eukaryota;p__Cercozoa;c__Ascetosporea;o__Haplosporida;f__Haplosporida;g__Bonamia;__	0.0
d__Eukaryota;p__Cercozoa;c__Cercomonadidae;o__Cercomonadidae;f__Cercomonadidae;g__Paracercomonas;s__Cercomonas_metabolicus	0.0
d__Eukaryota;p__Cercozoa;c__Cercomonadidae;o__Cercomonadidae;f__Cercomonadidae;g__Paracercomonas;__	0.0
d__Eukaryota;p__Cercozoa;c__Cercomonadidae;o__Cercomonadidae;f__Cercomonadidae;g__Metabolomonas;s__Metabolomonas_insania	0.0
d__Eukaryota;p__Cercozoa;c__Cercomonadidae;o__Cercomonadidae;f__Cercomonadidae;g__Cercomonadidae;s__Phytocercomonas_venanatans	0.0
d__Eukaryota;p__Cercozoa;c__Cercomonadidae;o__Cercomonadidae;f__Cercomonadidae;g__Cercomonadidae;__	0.0
d__Eukaryota;p__Cercozoa;c__Cercozoa;o__Cercozoa;f__Cercozoa;g__Cercozoa;s__Metromonas_simplex	0.0
d__Eukaryota;p__Cercozoa;c__Cercozoa;o__Basal_Group_T;f__Basal_Group_T;g__Basal_Group_T;s__uncultured_eukaryote	0.0
d__Eukaryota;p__Cercozoa;c__Ascetosporea;o__Haplosporida;f__Haplosporida;g__Haplosporidium;__	0.0
d__Eukaryota;p__Cercozoa;c__Clathrulinidae;o__Clathrulinidae;f__Clathrulinidae;g__Hedriocystis;s__Hedriocystis_reticulata	0.0
d__Eukaryota;p__Cercozoa;c__Chlorarachniophyta;o__Chlorarachniophyta;f__Chlorarachniophyta;g__NOR26;s__uncultured_eukaryote	0.0
d__Eukaryota;p__Cercozoa;c__Chlorarachniophyta;o__Chlorarachniophyta;f__Chlorarachniophyta;g__Minorisa;s__uncultured_eukaryote	0.0
d__Eukaryota;p__Cercozoa;c__Chlorarachniophyta;o__Chlorarachniophyta;f__Chlorarachniophyta;g__Lotharella;__	0.0
d__Eukaryota;p__Cercozoa;c__Chlorarachniophyta;o__Chlorarachniophyta;f__Chlorarachniophyta;g__Chlorarachnion;s__Chlorarachnion_reptans	0.0
d__Eukaryota;p__Cercozoa;c__Glissomonadida;o__Glissomonadida;f__Glissomonadida;g__Glissomonadida;s__uncultured_Thaumatomonadida	0.0
d__Eukaryota;p__Cercozoa;c__Glissomonadida;o__Glissomonadida;f__Glissomonadida;g__Glissomonadida;__	0.0
d__Eukaryota;p__Cercozoa;c__Glissomonadida;o__Glissomonadida;f__Glissomonadida;g__Bodomorpha;s__metagenome	0.0
d__Eukaryota;p__Cercozoa;c__Glissomonadida;o__Glissomonadida;f__Glissomonadida;g__Allantion;s__Allapsa_vibrans	0.0
d__Eukaryota;p__Cercozoa;c__Imbricatea;o__Imbricatea;f__Euglyphida;g__Cyphoderiidae;s__uncultured_marine	0.0
d__Eukaryota;p__Cercozoa;c__Clathrulinidae;o__Clathrulinidae;f__Clathrulinidae;g__Hedriocystis;s__uncultured_eukaryote	0.0
d__Eukaryota;p__Cercozoa;c__Granofilosea;o__Granofilosea;f__Granofilosea;g__Massisteria;s__Saccharum_hybrid	0.0
d__Eukaryota;p__Cercozoa;c__Granofilosea;o__Granofilosea;f__Granofilosea;g__Massisteria;s__Massisteria_voersi	0.0
d__Eukaryota;p__Cercozoa;c__Granofilosea;o__Granofilosea;f__Granofilosea;g__Massisteria;s__Massisteria_marina	0.0
d__Eukaryota;p__Cercozoa;c__Granofilosea;o__Granofilosea;f__Granofilosea;g__Massisteria;__	0.0
d__Eukaryota;p__Cercozoa;c__Glissomonadida;o__Glissomonadida;f__Glissomonadida;g__Proleptomonas;__	0.0
d__Eukaryota;p__Cercozoa;c__Glissomonadida;o__Glissomonadida;f__Glissomonadida;g__Heteromita;s__metagenome	0.0
d__Eukaryota;p__Cercozoa;c__Glissomonadida;o__Glissomonadida;f__Glissomonadida;g__Heteromita;__	0.0
d__Eukaryota;p__Cercozoa;c__Imbricatea;o__Imbricatea;f__Euglyphida;g__Paulinella;s__Cercozoa_sp.	0.0
d__Eukaryota;p__Cercozoa;c__Glissomonadida;o__Glissomonadida;f__Glissomonadida;__;__	0.0
d__Eukaryota;p__Centrohelida;c__Centrohelida;o__Centrohelida;f__Acanthocystidae;g__Pterocystis;s__Pterocystis_sp.	0.0
d__Eukaryota;p__Cavosteliida;c__Cavosteliida;o__Cavosteliida;f__Cavosteliida;g__Tychosporium;s__Tychosporium_acutostipes	0.0
d__Eukaryota;p__Cavosteliida;c__Cavosteliida;o__Cavosteliida;f__Cavosteliida;g__Schizoplasmodiopsis;s__Schizoplasmodiopsis_sp.	0.0
d__Eukaryota;p__Cercozoa;c__Ascetosporea;o__Ascetosporea;f__Paradiniidae;g__Paradinium;s__Paradinium_sp.	0.0
d__Eukaryota;p__Cercozoa;c__Ascetosporea;o__Ascetosporea;f__Paradiniidae;g__Paradinium;__	0.0
d__Eukaryota;p__Centrohelida;c__Centrohelida;o__Centrohelida;f__M1-18D08;g__M1-18D08;s__uncultured_marine	0.0
d__Eukaryota;p__Centrohelida;c__Centrohelida;o__Centrohelida;f__Heterophryidae;g__Heterophryidae;s__Heterophrys_marina	0.0
d__Eukaryota;p__Centrohelida;c__Centrohelida;o__Centrohelida;f__Heterophryidae;g__Heterophryidae;__	0.0
d__Eukaryota;p__Basidiomycota;c__Wallemiomycetes;o__Wallemiales;f__Incertae_Sedis;g__Wallemia;__	0.0
d__Eukaryota;p__Cercozoa;c__Cercomonadidae;o__Cercomonadidae;f__Cercomonadidae;g__uncultured;s__uncultured_Eimeriidae	0.0
d__Eukaryota;p__Basidiomycota;c__Tremellomycetes;o__Trichosporonales;f__Trichosporonaceae;g__Trichosporon;__	0.0
d__Eukaryota;p__Bicosoecida;c__Bicosoecida;o__Bicosoecida;f__Bicosoecida;g__Bicosoecida;s__uncultured_eukaryote	0.0
d__Eukaryota;p__Bicosoecida;c__Bicosoecida;o__Bicosoecida;f__Bicosoecida;g__Bicosoecida;s__Saccharina_japonica	0.0
d__Eukaryota;p__Bicosoecida;c__Bicosoecida;o__Bicosoecida;f__Bicosoecida;g__Bicosoeca;s__uncultured_stramenopile	0.0
d__Eukaryota;p__Bicosoecida;c__Bicosoecida;o__Bicosoecida;f__Bicosoecida;g__Bicosoeca;s__uncultured_marine	0.0
d__Eukaryota;p__Bicosoecida;c__CH1-2B-3;o__CH1-2B-3;f__CH1-2B-3;g__CH1-2B-3;__	0.0
d__Eukaryota;p__Bicosoecida;c__Bicosoecida;o__Bicosoecida;f__Bicosoecida;g__Cafeteria;s__uncultured_stramenopile	0.0
d__Eukaryota;p__Bicosoecida;c__Bicosoecida;o__Bicosoecida;f__Bicosoecida;g__Cafeteria;__	0.0
d__Eukaryota;p__Bicosoecida;c__Bicosoecida;o__Bicosoecida;f__Bicosoecida;g__Caecitellus;s__Caecitellus_parvulus	0.0
d__Eukaryota;p__Basidiomycota;c__Tremellomycetes;o__Trichosporonales;f__Trichosporonaceae;g__Vanrija;__	0.0
d__Eukaryota;p__Cercozoa;c__Cercomonadidae;o__Cercomonadidae;f__Cercomonadidae;g__uncultured;s__uncultured_Cercozoa	0.0
d__Eukaryota;p__Cercozoa;c__Cercomonadidae;o__Cercomonadidae;f__Cercomonadidae;g__uncultured;__	0.0
d__Eukaryota;p__Cercozoa;c__Chlorarachniophyta;o__Chlorarachniophyta;f__Chlorarachniophyta;g__Bigelowiella;s__Bigelowiella_natans	0.0
d__Eukaryota;p__Cercozoa;c__Cercozoa;o__Cercozoa;f__Cercozoa;g__Cyranomonas;__	0.0
d__Eukaryota;p__Cercozoa;c__Cercozoa;o__Cercozoa;f__Cercozoa;g__Cercozoa;s__Nuclearia-like_filose	0.0
d__Eukaryota;p__Breviatea;c__Breviatea;o__Breviatea;f__Breviatea;g__NAMAKO-2;s__uncultured_eukaryote	0.0
d__Eukaryota;p__Breviatea;c__Breviatea;o__Breviatea;f__Breviatea;g__Breviatea;s__uncultured_fungus	0.0
d__Eukaryota;p__Breviatea;c__Breviatea;o__Breviatea;f__Breviatea;g__Breviata;s__uncultured_eukaryote	0.0
d__Eukaryota;p__Breviatea;c__Breviatea;o__Breviatea;f__Breviatea;g__Breviata;__	0.0
d__Eukaryota;p__Centrohelida;c__Centrohelida;o__Centrohelida;f__CV1-B1-93;g__CV1-B1-93;s__metagenome	0.0
d__Eukaryota;p__Blastocladiomycota;c__Blastocladiomycetes;o__Blastocladiales;f__Blastocladiales;__;__	0.0
d__Eukaryota;p__Blastocladiomycota;c__Blastocladiomycetes;o__Blastocladiales;__;__;__	0.0
d__Eukaryota;p__Cavosteliida;c__Cavosteliida;o__Cavosteliida;f__Cavosteliida;g__Cavosteliida;__	0.0
d__Eukaryota;p__Bryozoa;c__Stenolaemata;o__Cyclostomatida;f__Cyclostomatida;g__Cyclostomatida;__	0.0
d__Eukaryota;p__Bryozoa;c__Phylactolaemata;o__Plumatellida;f__Plumatellida;g__Plumatellida;__	0.0
d__Eukaryota;p__Bryozoa;c__Gymnolaemata;o__Ctenostomatida;f__Ctenostomatida;g__Ctenostomatida;__	0.0
d__Eukaryota;p__Bryozoa;c__Gymnolaemata;o__Cheilostomatida;f__Cheilostomatida;g__Cheilostomatida;s__Parasmittina_sp.	0.0
d__Eukaryota;p__Bryozoa;c__Gymnolaemata;o__Cheilostomatida;f__Cheilostomatida;g__Cheilostomatida;s__Haplopoma_graniferum	0.0
d__Eukaryota;p__Breviatea;c__Breviatea;o__Breviatea;f__Breviatea;g__Subulatomonas;s__Subulatomonas_tetraspora	0.0
d__Eukaryota;p__Blastocladiomycota;c__Blastocladiomycetes;o__Blastocladiales;f__Physodermataceae;g__Paraphysoderma;s__Paraphysoderma_sedebokerense	0.0
d__Eukaryota;p__Euglenozoa;c__Kinetoplastea;o__Neobodonida;f__Neobodonida;g__Neobodo;s__Bodo_celer	0.0
d__Eukaryota;p__Euglenozoa;c__Kinetoplastea;o__Neobodonida;f__Neobodonida;g__Lake_Biwa_clade;s__uncultured_kinetoplastid	0.0
d__Eukaryota;p__Euglenozoa;c__Kinetoplastea;o__Neobodonida;f__Neobodonida;g__Rhynchomonas;s__Thalassiosira_rotula	0.0
d__Eukaryota;p__Euglenozoa;c__Kinetoplastea;o__Neobodonida;f__Neobodonida;g__Rhynchobodo;s__uncultured_eukaryote	0.0
d__Eukaryota;p__Euglenozoa;c__Euglenida;o__Euglenophyceae;f__Euglenaceae;g__Trachelomonas;s__Trachelomonas_rugulosa	0.0
d__Eukaryota;p__Euglenozoa;c__Euglenida;o__Euglenophyceae;f__Euglenaceae;g__Trachelomonas;s__Trachelomonas_hispida	0.0
d__Eukaryota;p__Euglenozoa;c__Euglenida;o__Euglenophyceae;f__Euglenaceae;g__Trachelomonas;s__Trachelomonas_bernardinensis	0.0
d__Eukaryota;p__Euglenozoa;c__Euglenida;o__Euglenophyceae;f__Euglenaceae;g__Trachelomonas;__	0.0
d__Eukaryota;p__Chytridiomycota;c__Chytridiomycetes;o__Lobulomycetales;f__Lobulomycetaceae;g__Lobulomyces;s__Lobulomyces_angularis	0.0
d__Eukaryota;p__Euglenozoa;c__Euglenida;o__Euglenophyceae;f__Euglenaceae;g__Euglena;s__uncultured_eukaryote	0.0
d__Eukaryota;p__Euglenozoa;c__Euglenida;o__Euglenophyceae;f__Euglenaceae;g__Euglena;s__Euglenaria_clavata	0.0
d__Eukaryota;p__Euglenozoa;c__Euglenida;o__Euglenophyceae;f__Phacaceae;g__Lepocinclis;s__Cyclidiopsis_acus	0.0
d__Eukaryota;p__Euglenozoa;c__Euglenida;o__Euglenophyceae;f__Phacaceae;g__Lepocinclis;__	0.0
d__Eukaryota;p__Euglenozoa;c__Euglenida;o__Euglenophyceae;f__Euglenea;g__Euglenea;s__Euglenaria_caudata	0.0
d__Eukaryota;p__Euglenozoa;c__Euglenida;o__Euglenophyceae;f__Euglenaceae;g__Trachelomonas;s__Trachelomonas_volvocinopsis	0.0
d__Eukaryota;p__Euglenozoa;c__Euglenida;o__Euglenophyceae;f__Euglenaceae;g__Trachelomonas;s__Trachelomonas_sp.	0.0
d__Eukaryota;p__Euglenozoa;c__Euglenida;o__Euglenophyceae;f__Euglenaceae;g__Trachelomonas;s__Trachelomonas_similis	0.0
d__Eukaryota;p__Euglenozoa;c__Euglenida;o__Euglenophyceae;f__Phacaceae;g__Phacus;s__Discoplastis_sp.	0.0
d__Eukaryota;p__Euglenozoa;c__Euglenida;o__Euglenophyceae;f__Euglenaceae;g__Monomorphina;s__Monomorphina_aenigmatica	0.0
d__Eukaryota;p__Florideophycidae;c__Hildenbrandiophycidae;o__Hildenbrandiophycidae;f__Hildenbrandiophycidae;g__Hildenbrandia;s__Hildenbrandia_rubra	0.0
d__Eukaryota;p__Florideophycidae;c__Hildenbrandiophycidae;o__Hildenbrandiophycidae;f__Hildenbrandiophycidae;g__Hildenbrandia;__	0.0
d__Eukaryota;p__Florideophycidae;c__Corallinophycidae;o__Corallinophycidae;f__Corallinophycidae;g__Hydrolithon;__	0.0
d__Eukaryota;p__Fractovitelliida;c__Fractovitelliida;o__Fractovitelliida;f__Fractovitelliida;g__Soliformovum;s__Grellamoeba_robusta	0.0
d__Eukaryota;p__Fornicata;c__Carpediomonas-like_organisms;o__Carpediomonas-like_organisms;f__Carpediomonas-like_organisms;g__Dysnectes;s__Dysnectes_sp.	0.0
d__Eukaryota;p__Fornicata;c__Carpediomonas-like_organisms;o__Carpediomonas-like_organisms;f__Carpediomonas-like_organisms;g__Dysnectes;s__Dysnectes_brevis	0.0
d__Eukaryota;p__Florideophycidae;c__Rhodymeniophycidae;o__Rhodymeniophycidae;f__Rhodymeniophycidae;g__Rhodymeniophycidae;s__Spermothamnion_repens	0.0
d__Eukaryota;p__Florideophycidae;c__Rhodymeniophycidae;o__Rhodymeniophycidae;f__Rhodymeniophycidae;g__Ceramium;s__Ceramium_rubrum	0.0
d__Eukaryota;p__Euglenozoa;c__Euglenozoa;o__Euglenozoa;f__Euglenozoa;g__Euglenozoa;s__Hemistasiidae_sp.	0.0
d__Eukaryota;p__Euglenozoa;c__Kinetoplastea;o__Neobodonida;f__Neobodonida;g__Neobodo;s__Bodonidae_sp.	0.0
d__Eukaryota;p__Euglenozoa;c__Euglenida;o__Heteronematina;f__Heteronematina;g__Petalomonas;s__Scytomonas_saepesedens	0.0
d__Eukaryota;p__Euglenozoa;c__Euglenida;o__Heteronematina;f__Heteronematina;g__Petalomonas;s__Petalomonas_sphagnophila	0.0
d__Eukaryota;p__Euglenozoa;c__Euglenida;o__Heteronematina;f__Heteronematina;g__Petalomonas;s__Petalomonas_cantuscygni	0.0
d__Eukaryota;p__Euglenozoa;c__Euglenida;o__Heteronematina;f__Heteronematina;g__Petalomonas;__	0.0
d__Eukaryota;p__Euglenozoa;c__Kinetoplastea;o__Neobodonida;f__Neobodonida;g__Dimastigella;s__Dimastigella_trypaniformis	0.0
d__Eukaryota;p__Euglenozoa;c__Kinetoplastea;o__Neobodonida;f__Neobodonida;g__Dimastigella;__	0.0
d__Eukaryota;p__Euglenozoa;c__Kinetoplastea;o__Eubodonida;f__Eubodonida;g__Bodo;s__uncultured_eukaryote	0.0
d__Eukaryota;p__Euglenozoa;c__Kinetoplastea;o__Neobodonida;f__Neobodonida;g__Neobodonida;s__uncultured_eukaryote	0.0
d__Eukaryota;p__Euglenozoa;c__Kinetoplastea;o__Neobodonida;f__Neobodonida;g__Neobodo;s__uncultured_eukaryote	0.0
d__Eukaryota;p__Euglenozoa;c__Euglenida;o__Heteronematina;f__Heteronematina;g__Petalomonas;s__uncultured_eukaryote	0.0
d__Eukaryota;p__Ascomycota;c__Eurotiomycetes;o__Eurotiales;__;__;__	0.0
d__Eukaryota;p__Ascomycota;c__Eurotiomycetes;o__Chaetothyriales;f__Trichomeriaceae;__;__	0.0
d__Eukaryota;p__Ascomycota;c__Eurotiomycetes;o__Chaetothyriales;f__Herpotrichiellaceae;__;__	0.0
d__Eukaryota;p__Ascomycota;c__Eurotiomycetes;o__Chaetothyriales;__;__;__	0.0
d__Eukaryota;p__Ascomycota;c__Eurotiomycetes;__;__;__;__	0.0
d__Eukaryota;p__Ascomycota;c__Dothideomycetes;o__Pleosporales;f__Pleosporaceae;g__Curvularia;__	0.0
d__Eukaryota;p__Ascomycota;c__Eurotiomycetes;o__Onygenales;f__Onygenaceae;g__Aphanoascus;__	0.0
d__Eukaryota;p__Ascomycota;c__Eurotiomycetes;o__Onygenales;f__Gymnoascaceae;__;__	0.0
d__Eukaryota;p__Euglenozoa;c__Euglenida;o__Euglenophyceae;f__Phacaceae;g__Phacus;__	0.0
d__Eukaryota;p__Ascomycota;c__Eurotiomycetes;o__Onygenales;__;__;__	0.0
d__Eukaryota;p__Ascomycota;c__Eurotiomycetes;o__Eurotiales;f__Trichocomaceae;g__Talaromyces;__	0.0
d__Eukaryota;p__Ascomycota;c__Eurotiomycetes;o__Eurotiales;f__Aspergillaceae;g__Penicillium;__	0.0
d__Eukaryota;p__Ascomycota;c__Eurotiomycetes;o__Eurotiales;f__Aspergillaceae;g__Aspergillus;__	0.0
d__Eukaryota;p__Ascomycota;c__Leotiomycetes;o__Helotiales;f__Sclerotiniaceae;__;__	0.0
d__Eukaryota;p__Ascomycota;c__Leotiomycetes;o__Helotiales;f__Helotiaceae;__;__	0.0
d__Eukaryota;p__Ascomycota;c__Leotiomycetes;__;__;__;__	0.0
d__Eukaryota;p__Ascomycota;c__Lecanoromycetes;o__Lecanorales;f__Parmeliaceae;__;__	0.0
d__Eukaryota;p__Euglenozoa;c__Euglenida;o__Euglenophyceae;f__Phacaceae;g__Phacus;s__Monomorphina_pseudonordstedti	0.0
d__Eukaryota;p__Ascomycota;c__Eurotiomycetes;o__Onygenales;f__Arthrodermataceae;__;__	0.0
d__Eukaryota;p__Euglenozoa;c__Euglenida;o__Euglenophyceae;f__Phacaceae;g__Lepocinclis;s__Lepocinclis_tripteris	0.0
d__Eukaryota;p__Euglenozoa;c__Euglenida;o__Euglenophyceae;f__Phacaceae;g__Lepocinclis;s__Lepocinclis_spirogyroides	0.0
d__Eukaryota;p__Euglenozoa;c__Euglenida;o__Euglenophyceae;f__Phacaceae;g__Lepocinclis;s__Lepocinclis_sp.	0.0
d__Eukaryota;p__Euglenozoa;c__Euglenida;o__Euglenophyceae;f__Phacaceae;g__Lepocinclis;s__Lepocinclis_ovum	0.0
d__Eukaryota;p__Euglenozoa;c__Euglenida;o__Euglenophyceae;f__Phacaceae;g__Lepocinclis;s__Lepocinclis_horridus	0.0
d__Eukaryota;p__Euglenozoa;c__Euglenida;o__Euglenophyceae;f__Phacaceae;g__Phacus;s__Phacus_platyaulax	0.0
d__Eukaryota;p__Euglenozoa;c__Euglenida;o__Euglenophyceae;f__Phacaceae;g__Phacus;s__Phacus_platalea	0.0
d__Eukaryota;p__Euglenozoa;c__Euglenida;o__Euglenophyceae;f__Phacaceae;g__Phacus;s__Phacus_limnophila	0.0
d__Eukaryota;p__Euglenozoa;c__Euglenida;o__Euglenophyceae;f__Phacaceae;g__Phacus;s__Phacus_brachykentron	0.0
d__Eukaryota;p__Ascomycota;c__Eurotiomycetes;o__Eurotiales;f__Aspergillaceae;__;__	0.0
d__Eukaryota;p__Ascomycota;c__Saccharomycetes;o__Saccharomycetales;f__Phaffomycetaceae;__;__	0.0
d__Eukaryota;p__Ascomycota;c__Saccharomycetes;o__Saccharomycetales;f__Metschnikowiaceae;g__Metschnikowia;__	0.0
d__Eukaryota;p__Ascomycota;c__Dothideomycetes;o__Pleosporales;f__Pleosporaceae;g__Alternaria;__	0.0
d__Eukaryota;p__Ascomycota;c__Dothideomycetes;o__Pleosporales;f__Pleosporaceae;__;__	0.0
d__Eukaryota;p__Ascomycota;c__Dothideomycetes;o__Pleosporales;f__Leptosphaeriaceae;g__Leptosphaeria;s__Leptosphaeria_biglobosa	0.0
d__Eukaryota;p__Ascomycota;c__Dothideomycetes;o__Pleosporales;f__Leptosphaeriaceae;g__Leptosphaeria;__	0.0
d__Eukaryota;p__Ascomycota;c__Dothideomycetes;o__Pleosporales;f__Didymellaceae;g__Boeremia;s__Boeremia_exigua	0.0
d__Eukaryota;p__Ascomycota;c__Dothideomycetes;o__Pleosporales;f__Didymellaceae;g__Ascochyta;__	0.0
d__Eukaryota;p__Ascomycota;c__Dothideomycetes;o__Pleosporales;f__Didymellaceae;__;__	0.0
d__Eukaryota;p__Euglenozoa;c__Euglenida;o__Euglenophyceae;f__Phacaceae;g__Phacus;s__Monomorphina_pyrum	0.0
d__Eukaryota;p__Holozoa;c__Choanoflagellida;o__Codonosigidae;f__Codonosigidae;g__Monosiga;s__Monosiga_ovata	0.0
d__Eukaryota;p__Holozoa;c__Choanoflagellida;o__Codonosigidae;f__Codonosigidae;g__Codonosigidae;__	0.0
d__Eukaryota;p__Holozoa;c__Choanoflagellida;o__Craspedida;f__Craspedida;g__Craspedida;s__Stagondoeca_pyriformis	0.0
d__Eukaryota;p__Holozoa;c__Choanoflagellida;o__Craspedida;__;__;__	0.0
d__Eukaryota;p__Ascomycota;c__Lecanoromycetes;o__Lecanorales;__;__;__	0.0
d__Eukaryota;p__Ascomycota;c__Lecanoromycetes;o__Caliciales;__;__;__	0.0
d__Eukaryota;p__Arthropoda;c__Maxillopoda;o__Monstrilloida;f__Monstrilloida;g__Monstrilloida;s__Monstrilla_sp.	0.0
d__Eukaryota;p__Arthropoda;c__Maxillopoda;o__Kentrogonida;f__Kentrogonida;g__Kentrogonida;__	0.0
d__Eukaryota;p__Florideophycidae;c__Nemaliophycidae;o__Nemaliophycidae;f__Nemaliophycidae;g__Thorea;__	0.0
d__Eukaryota;p__Arthropoda;c__Maxillopoda;o__Facetotecta;f__Facetotecta;g__Facetotecta;s__Facetotecta_sp.	0.0
d__Eukaryota;p__Arthropoda;c__Maxillopoda;o__Siphonostomatoida;f__Siphonostomatoida;g__Siphonostomatoida;s__Alebion_sp.	0.0
d__Eukaryota;p__Arthropoda;c__Maxillopoda;o__Poecilostomatoida;f__Poecilostomatoida;g__Poecilostomatoida;s__Mecomerinx_heterocentroti	0.0
d__Eukaryota;p__Arthropoda;c__Maxillopoda;o__Poecilostomatoida;f__Poecilostomatoida;g__Poecilostomatoida;s__Clausidium_vancouverense	0.0
d__Eukaryota;p__Arthropoda;c__Maxillopoda;o__Monstrilloida;f__Monstrilloida;g__Monstrilloida;s__uncultured_eukaryote	0.0
d__Eukaryota;p__Ascomycota;c__Archaeorhizomycetes;o__Archaeorhizomycetales;f__Archaeorhizomycetaceae;g__Archaeorhizomyces;__	0.0
d__Eukaryota;p__Ascomycota;__;__;__;__;__	0.0
d__Eukaryota;p__Arthropoda;c__Ostracoda;o__Podocopida;f__Podocopida;g__Podocopida;s__Strandesia_uenoi	0.0
d__Eukaryota;p__Arthropoda;c__Ostracoda;o__Podocopida;f__Podocopida;g__Podocopida;s__Howeina_sp.	0.0
d__Eukaryota;p__Arthropoda;c__Maxillopoda;o__Harpacticoida;f__Harpacticoida;g__Harpacticoida;s__Metacyclopina_sp.	0.0
d__Eukaryota;p__Holozoa;c__Choanoflagellida;o__Craspedida;f__Salpingoecidae;g__Salpingoecidae;s__Salpingoeca_kvevrii	0.0
d__Eukaryota;p__Holozoa;c__Choanoflagellida;o__Craspedida;f__Salpingoecidae;g__Salpingoecidae;s__Salpingoeca_helianthica	0.0
d__Eukaryota;p__Holozoa;c__Ichthyosporea;o__Abeoformidae;f__Abeoformidae;g__Pirum;__	0.0
d__Eukaryota;p__Holozoa;c__Ichthyosporea;o__Abeoformidae;f__Abeoformidae;g__Abeoforma;s__Abeoforma_whisleri	0.0
d__Eukaryota;p__Holozoa;c__Ichthyosporea;__;__;__;__	0.0
d__Eukaryota;p__Holozoa;c__Filasterea;o__Ministeriida;f__Ministeriida;g__Ministeriida;s__Ministeria_vibrans	0.0
d__Eukaryota;p__Holozoa;c__Filasterea;o__Ministeriida;f__Capsasporidae;g__Marine_Group;s__uncultured_marine	0.0
d__Eukaryota;p__Holozoa;c__Filasterea;o__Ministeriida;f__Capsasporidae;g__Marine_Group;s__uncultured_eukaryote	0.0
d__Eukaryota;p__Holozoa;c__Ichthyosporea;o__Pseudoperkinsidae;f__Pseudoperkinsidae;g__Pseudoperkinsidae;s__Sphaeroforma_tapetis	0.0
d__Eukaryota;p__Holozoa;c__Choanoflagellida;o__Codonosigidae;f__Codonosigidae;g__Monosiga;s__uncultured_Choanoflagellida	0.0
d__Eukaryota;p__Holozoa;c__Ichthyosporea;o__Pseudoperkinsidae;f__Pseudoperkinsidae;g__Anurofeca;__	0.0
d__Eukaryota;p__Holozoa;c__Ichthyosporea;o__Ichthyophonidae;f__Ichthyophonidae;g__Ichthyophonus;s__Ichthyophonus_hoferi	0.0
d__Eukaryota;p__Holozoa;c__Ichthyosporea;o__Ichthyophonidae;f__Ichthyophonidae;__;__	0.0
d__Eukaryota;p__Holozoa;c__Ichthyosporea;o__Ichthyophonae;f__Ichthyophonae;g__Ichthyophonae;s__Psorospermium_haeckeli	0.0
d__Eukaryota;p__Holozoa;c__Ichthyosporea;o__Abeoformidae;f__Abeoformidae;g__Pirum;s__Pirum_gemmata	0.0
d__Eukaryota;p__Holozoa;c__Choanoflagellida;o__Acanthoecida;f__Stephanoecidae;g__Diaphanoeca;s__Diaphanoeca_undulata	0.0
d__Eukaryota;p__Holozoa;c__Choanoflagellida;o__Clade_L;f__Clade_L;g__Clade_L;s__uncultured_freshwater	0.0
d__Eukaryota;p__Holozoa;c__Choanoflagellida;o__Codonosigidae;f__Codonosigidae;g__Sphaeroeca;s__Sphaeroeca_volvox	0.0
d__Eukaryota;p__Holozoa;c__Choanoflagellida;o__Codonosigidae;f__Codonosigidae;g__Sphaeroeca;__	0.0
d__Eukaryota;p__Holozoa;c__Ichthyosporea;o__Pseudoperkinsidae;f__Pseudoperkinsidae;g__Pseudoperkinsidae;s__Creolimax_fragrantissima	0.0
d__Eukaryota;p__Heterolobosea;c__Tetramitia;o__Tetramitia;f__Tetramitia;g__Neovahlkampfia;s__Nematostella_vectensis	0.0
d__Eukaryota;p__Heterolobosea;c__Tetramitia;o__Tetramitia;f__Tetramitia;g__Naegleria;__	0.0
d__Eukaryota;p__Heterolobosea;c__Tetramitia;o__Tetramitia;f__Tetramitia;g__Allovahlkampfia;s__Allovahlkampfia_sp.	0.0
d__Eukaryota;p__Holozoa;c__Choanoflagellida;o__Acanthoecida;f__Acanthoecidae;g__FV23-1A4;s__uncultured_marine	0.0
d__Eukaryota;p__Euglenozoa;c__Kinetoplastea;o__Prokinetoplastina;f__Prokinetoplastina;g__Ichthyobodo;s__uncultured_marine	0.0
d__Eukaryota;p__Euglenozoa;c__Kinetoplastea;o__Prokinetoplastina;f__Prokinetoplastina;g__Ichthyobodo;s__uncultured_kinetoplastid	0.0
d__Eukaryota;p__Euglenozoa;c__Kinetoplastea;o__Prokinetoplastina;f__Prokinetoplastina;g__Ichthyobodo;s__Perkinsiella-like_sp.	0.0
d__Eukaryota;p__Euglenozoa;c__Kinetoplastea;o__Prokinetoplastina;f__Prokinetoplastina;g__Ichthyobodo;s__Perkinsela_sp.	0.0
d__Eukaryota;p__Euglenozoa;c__Kinetoplastea;o__Prokinetoplastina;f__Prokinetoplastina;g__Ichthyobodo;s__PLO_of	0.0
d__Eukaryota;p__Arthropoda;c__Ostracoda;o__Podocopida;f__Podocopida;g__Podocopida;s__Cytheromorpha_acupunctata	0.0
d__Eukaryota;p__Florideophycidae;c__Corallinophycidae;o__Corallinophycidae;f__Corallinophycidae;__;__	0.0
d__Eukaryota;p__Florideophycidae;c__Ahnfeltiophycidae;o__Ahnfeltiophycidae;f__Ahnfeltiophycidae;g__Ahnfeltiophycidae;s__Ahnfeltia_plicata	0.0
d__Eukaryota;p__Eukaryota;c__Eukaryota;o__Eukaryota;f__Glaucophyta;g__Glaucophyta;s__Cyanophora_paradoxa	0.0
d__Eukaryota;p__Eukaryota;c__Eukaryota;o__Eukaryota;f__Eukaryota;g__Eukaryota;s__Ciliophrys_infusionum	0.0
d__Eukaryota;p__Euglenozoa;c__Kinetoplastea;o__Trypanosomatida;f__Trypanosomatida;g__Trypanosomatida;s__Zelonia_cf.	0.0
d__Eukaryota;p__Euglenozoa;c__Kinetoplastea;o__Trypanosomatida;f__Trypanosomatida;g__Trypanosomatida;s__Lotmaria_passim	0.0
d__Eukaryota;p__Euglenozoa;c__Kinetoplastea;o__Trypanosomatida;f__Trypanosomatida;g__Trypanosoma;s__Trypanosoma_cascavelli	0.0
d__Eukaryota;p__Euglenozoa;c__Kinetoplastea;o__Trypanosomatida;f__Trypanosomatida;g__Crithidia;s__Crithidia_fasciculata	0.0
d__Eukaryota;p__Florideophycidae;c__Rhodymeniophycidae;o__Rhodymeniophycidae;f__Rhodymeniophycidae;g__Caloglossa;__	0.0
d__Eukaryota;p__Euglenozoa;c__Kinetoplastea;o__Prokinetoplastina;f__Prokinetoplastina;g__Ichthyobodo;s__Ichthyobodo_necator	0.0
d__Eukaryota;p__Arthropoda;c__Merostomata;o__Xiphosura;f__Xiphosura;g__Xiphosura;s__Tachypleus_gigas	0.0
d__Eukaryota;p__Ascomycota;c__Dothideomycetes;o__Capnodiales;__;__;__	0.0
d__Eukaryota;p__Holozoa;c__Choanoflagellida;o__Codosigidae;f__Codosigidae;g__Freshwater_Choanoflagellates_1;s__uncultured_eukaryote	0.0
d__Eukaryota;p__Gracilipodida;c__Gracilipodida;o__Gracilipodida;f__Gracilipodida;g__Flamella;s__Flamella_balnearia	0.0
d__Eukaryota;p__Gracilipodida;c__Gracilipodida;o__Gracilipodida;f__Gracilipodida;g__Flamella;__	0.0
d__Eukaryota;p__Gracilipodida;c__Gracilipodida;o__Gracilipodida;f__Gracilipodida;g__Filamoeba;s__Filamoeba_nolandi	0.0
d__Eukaryota;p__Gastrotricha;c__Gastrotricha;o__Macrodasyida;f__Macrodasyida;g__Macrodasyida;__	0.0
d__Eukaryota;p__Amoebozoa;c__Discosea;o__Dactylopodida;f__Dactylopodida;g__Angulamoeba;s__uncultured_eukaryote	0.0
d__Eukaryota;p__Fungi;c__Fungi;o__Fungi;f__Fungi;g__Fungi;s__uncultured_fungus	0.0
d__Eukaryota;p__Heterolobosea;c__Tetramitia;o__Tetramitia;f__Tetramitia;g__Psalteriomonas;s__Psalteriomonas_lanterna	0.0
d__Eukaryota;p__Hemichordata;c__Enteropneusta;o__Enteropneusta;f__Ptychoderidae;g__Ptychoderidae;__	0.0
d__Eukaryota;p__Hemichordata;c__Enteropneusta;o__Enteropneusta;f__Harrimaniidae;g__Harrimaniidae;__	0.0
d__Eukaryota;p__Haptophyta;c__Haptophyta;o__Haptophyta;f__Haptophyta;g__Haptophyta;s__uncultured_eukaryote	0.0
d__Eukaryota;p__Haptophyta;c__Haptophyta;o__Haptophyta;f__Haptophyta;g__Haptophyta;__	0.0
d__Eukaryota;p__Gracilipodida;c__LEMD267;o__LEMD267;f__LEMD267;g__LEMD267;s__uncultured_eukaryote	0.0
d__Eukaryota;p__Gracilipodida;c__Gracilipodida;o__Gracilipodida;f__Gracilipodida;g__Gracilipodida;s__Flamella_pleistocenica	0.0
d__Eukaryota;p__Holozoa;c__Choanoflagellata;o__Choanoflagellata;f__Choanoflagellata;g__Choanoflagellata;s__Corallochytrium_limacisporum	0.0
d__Eukaryota;p__Heterolobosea;c__Tetramitia;o__Tetramitia;f__Tetramitia;g__Vahlkampfia;s__Vahlkampfia_avara	0.0
d__Eukaryota;p__Heterolobosea;c__Tetramitia;o__Tetramitia;f__Tetramitia;g__Tetramitia;s__Sawyeria_marylandensis	0.0
d__Eukaryota;p__Heterolobosea;c__Tetramitia;o__Tetramitia;f__Tetramitia;g__Allovahlkampfia;__	0.0
d__Eukaryota;p__Ascomycota;c__Saccharomycetes;o__Saccharomycetales;f__Incertae_Sedis;g__Candida;s__uncultured_Dikarya	0.0
d__Eukaryota;p__Ascomycota;c__Saccharomycetes;o__Saccharomycetales;f__Incertae_Sedis;g__Candida;s__Diutina_rugosa	0.0
d__Eukaryota;p__Ascomycota;c__Saccharomycetes;o__Saccharomycetales;f__Incertae_Sedis;g__Candida;s__Candida_sp.	0.0
d__Eukaryota;p__Ascomycota;c__Saccharomycetes;o__Saccharomycetales;f__Pichiaceae;g__Martiniozyma;s__Martiniozyma_abiesophila	0.0
d__Eukaryota;p__Ascomycota;c__Saccharomycetes;o__Saccharomycetales;f__Phaffomycetaceae;g__Wickerhamomyces-Candida_clade;s__Wickerhamomyces_anomalus	0.0
d__Eukaryota;p__Ascomycota;c__Saccharomycetes;o__Saccharomycetales;f__Phaffomycetaceae;g__Komagataella;__	0.0
d__Eukaryota;p__Ascomycota;c__Saccharomycetes;o__Saccharomycetales;f__Phaffomycetaceae;g__Cyberlindnera-Candida_clade;__	0.0
d__Eukaryota;p__Ascomycota;c__Saccharomycetes;o__Saccharomycetales;f__Phaffomycetaceae;g__Barnettozyma-Candida_clade;s__Barnettozyma_pratensis	0.0
d__Eukaryota;p__Euglenozoa;c__Euglenida;o__Euglenophyceae;f__Phacaceae;g__Phacus;s__Lepocinclis_salina	0.0
d__Eukaryota;p__Cnidaria;c__Hydrozoa;o__Siphonophorae;f__Siphonophorae;g__Siphonophorae;__	0.0
d__Eukaryota;p__Cnidaria;c__Hydrozoa;o__Leptothecata;f__Leptothecata;g__Leptothecata;s__Tiaropsidium_kelseyi	0.0
d__Eukaryota;p__Chytridiomycota;c__Chytridiomycetes;o__Rhizophydiales;f__Rhizophydiaceae;__;__	0.0
d__Eukaryota;p__Chytridiomycota;c__Chytridiomycetes;o__Polychytriales;f__Incertae_Sedis;g__Incertae_Sedis;s__Neokarlingia_chitinophila	0.0
d__Eukaryota;p__Chytridiomycota;c__Chytridiomycetes;o__Lobulomycetales;f__Lobulomycetaceae;g__uncultured;s__uncultured_fungus	0.0
d__Eukaryota;p__Chytridiomycota;c__Chytridiomycetes;o__Lobulomycetales;f__Lobulomycetaceae;g__uncultured;s__uncultured_eukaryote	0.0
d__Eukaryota;p__Chytridiomycota;c__Chytridiomycetes;o__Rhizophydiales;f__Rhizophydiales;g__Rhizophydiales;s__uncultured_Chytridiomycota	0.0
d__Eukaryota;p__Chytridiomycota;c__Chytridiomycetes;o__Rhizophydiales;f__Rhizophydiales;g__Boothiomyces;s__Boothiomyces_macroporosum	0.0
d__Eukaryota;p__Chytridiomycota;c__Chytridiomycetes;o__Rhizophydiales;f__Rhizophydiaceae;g__Rhizophydium;s__uncultured_eukaryote	0.0
d__Eukaryota;p__Ascomycota;c__Saccharomycetes;o__Saccharomycetales;f__Phaffomycetaceae;g__Barnettozyma-Candida_clade;__	0.0
d__Eukaryota;p__Ascomycota;c__Pezizomycetes;o__Pezizales;f__Rhizinaceae;g__Phymatotrichopsis;s__metagenome	0.0
d__Eukaryota;p__Ascomycota;c__Pezizomycetes;o__Pezizales;f__Pezizaceae;g__Peziza;s__Peziza_polaripapulata	0.0
d__Eukaryota;p__Ascomycota;c__Pezizomycetes;o__Pezizales;f__Pezizaceae;__;__	0.0
d__Eukaryota;p__Ascomycota;c__Pezizomycetes;o__Pezizales;f__Chorioactidaceae;g__Chorioactis;s__Chorioactis_geaster	0.0
d__Eukaryota;p__Ascomycota;c__Pezizomycetes;o__Pezizales;__;__;__	0.0
d__Eukaryota;p__Ascomycota;c__Leotiomycetes;o__Thelebolales;f__Thelebolaceae;g__Hyphozyma;s__Hyphozyma_variabilis	0.0
d__Eukaryota;p__Ascomycota;c__Leotiomycetes;o__Thelebolales;f__Thelebolaceae;__;__	0.0
d__Eukaryota;p__Ascomycota;c__Saccharomycetes;o__Saccharomycetales;f__Incertae_Sedis;g__Ambrosiozyma;__	0.0
d__Eukaryota;p__Ascomycota;c__Saccharomycetes;o__Saccharomycetales;f__Dipodascaceae;g__Magnusiomyces;__	0.0
d__Eukaryota;p__Ascomycota;c__Saccharomycetes;o__Saccharomycetales;f__Incertae_Sedis;g__Middelhovenomyces;__	0.0
d__Eukaryota;p__Ascomycota;c__Saccharomycetes;o__Saccharomycetales;f__Debaryomycetaceae;g__Schwanniomyces;__	0.0
d__Eukaryota;p__Ascomycota;c__Saccharomycetes;o__Saccharomycetales;f__Debaryomycetaceae;g__Hypopichia-Candida_clade;__	0.0
d__Eukaryota;p__Ascomycota;c__Saccharomycetes;o__Saccharomycetales;f__Debaryomycetaceae;g__Candida_tanzawaensis_clade;__	0.0
d__Eukaryota;p__Ascomycota;c__Saccharomycetes;o__Saccharomycetales;f__Debaryomycetaceae;g__Candida-Lodderomyces_clade;__	0.0
d__Eukaryota;p__Ascomycota;c__Saccharomycetes;o__Saccharomycetales;f__Debaryomycetaceae;__;__	0.0
d__Eukaryota;p__Ascomycota;c__Saccharomycetes;o__Saccharomycetales;f__Metschnikowiaceae;g__Clavispora-Candida_clade;s__Candida_melibiosica	0.0
d__Eukaryota;p__Ascomycota;c__Saccharomycetes;o__Saccharomycetales;f__Metschnikowiaceae;g__Clavispora-Candida_clade;__	0.0
d__Eukaryota;p__Ascomycota;c__Saccharomycetes;o__Saccharomycetales;f__Lipomycetaceae;g__Lipomyces;__	0.0
d__Eukaryota;p__Ascomycota;c__Saccharomycetes;o__Saccharomycetales;f__Incertae_Sedis;g__Starmerella-Candida_clade;__	0.0
d__Eukaryota;p__Ascomycota;c__Saccharomycetes;o__Saccharomycetales;f__Dipodascaceae;g__Geotrichum;__	0.0
d__Eukaryota;p__Chytridiomycota;c__Chytridiomycetes;o__Chytridiales;f__Chytridiaceae;g__Dendrochytridium;s__Dendrochytridium_crassum	0.0
d__Eukaryota;p__Chytridiomycota;c__Chytridiomycetes;o__Chytridiales;f__Incertae_Sedis;g__Incertae_Sedis;s__uncultured_Chytridiomycota	0.0
d__Eukaryota;p__Chytridiomycota;c__Chytridiomycetes;o__Chytridiales;f__Incertae_Sedis;g__Incertae_Sedis;s__Pseudorhizidium_endosporangiatum	0.0
d__Eukaryota;p__Chytridiomycota;c__Chytridiomycetes;o__Chytridiales;f__Incertae_Sedis;g__Incertae_Sedis;__	0.0
d__Eukaryota;p__Chytridiomycota;c__Chytridiomycetes;o__Chytridiales;f__Incertae_Sedis;__;__	0.0
d__Eukaryota;p__Chytridiomycota;c__Chytridiomycetes;o__Chytridiales;f__Chytriomycetaceae;g__Rhizoclosmatium;s__Rhizoclosmatium_globosum	0.0
d__Eukaryota;p__Chytridiomycota;c__Chytridiomycetes;o__Chytridiales;f__Chytriomycetaceae;g__Chytriomycetaceae;s__uncultured_eukaryote	0.0
d__Eukaryota;p__Chytridiomycota;c__Chytridiomycetes;o__Chytridiales;f__Chytriomycetaceae;g__Chytriomycetaceae;s__uncultured_Chytridiomycota	0.0
d__Eukaryota;p__Chytridiomycota;c__Chytridiomycetes;o__Chytridiales;f__Chytriomycetaceae;g__Chytriomycetaceae;s__Chytridiales_sp.	0.0
d__Eukaryota;p__Chytridiomycota;c__Chytridiomycetes;o__Rhizophydiales;f__Rhizophydiaceae;g__Rhizophydium;s__uncultured_Rhizophlyctis	0.0
d__Eukaryota;p__Chytridiomycota;c__Chytridiomycetes;o__Gromochytriales;f__Gromochytriaceae;g__uncultured;s__uncultured_Chytridiomycota	0.0
d__Eukaryota;p__Chytridiomycota;c__Chytridiomycetes;o__Gromochytriales;f__Gromochytriaceae;g__Gromochytrium;s__Gromochytrium_mamkaevae	0.0
d__Eukaryota;p__Chytridiomycota;c__Chytridiomycetes;o__Gromochytriales;f__Gromochytriaceae;g__Gromochytriaceae;s__uncultured_fungus	0.0
d__Eukaryota;p__Chytridiomycota;c__Chytridiomycetes;o__Cladochytriales;f__Nowakowskiellaceae;g__Nowakowskiella;s__Endochytrium_sp.	0.0
d__Eukaryota;p__Chytridiomycota;c__Chytridiomycetes;o__Chytridiomycetes;f__Chytridiomycetes;g__Chytridiomycetes;s__Cladochytrium_replicatum	0.0
d__Eukaryota;p__Chytridiomycota;c__Chytridiomycetes;o__Chytridiales;f__Incertae_Sedis;g__Zygorhizidium;s__Rhizophydium_planktonicum	0.0
d__Eukaryota;p__Chytridiomycota;c__Chytridiomycetes;o__Lobulomycetales;f__Lobulomycetaceae;g__uncultured;s__uncultured_Chytridiomycota	0.0
d__Eukaryota;p__Chytridiomycota;c__Chytridiomycetes;o__Lobulomycetales;f__Lobulomycetaceae;g__uncultured;__	0.0
d__Eukaryota;p__Chytridiomycota;c__Chytridiomycetes;o__Lobulomycetales;f__Lobulomycetaceae;g__Lobulomycetaceae;s__uncultured_Chytridiomycota	0.0
d__Eukaryota;p__Chytridiomycota;c__Chytridiomycetes;o__Incertae_Sedis;f__Incertae_Sedis;__;__	0.0
d__Eukaryota;p__Chytridiomycota;c__Chytridiomycetes;o__Rhizophydiales;f__Rhizophydiaceae;g__Rhizophydium;s__Rhizophydium_sp.	0.0
d__Eukaryota;p__Chytridiomycota;c__Chytridiomycetes;o__Rhizophydiales;f__Rhizophydiaceae;g__Rhizophydium;s__Entophlyctis_sp.	0.0
d__Eukaryota;p__Chytridiomycota;c__Chytridiomycetes;o__Rhizophydiales;f__Rhizophydiaceae;g__Rhizophydium;__	0.0
d__Eukaryota;p__Chytridiomycota;c__Chytridiomycetes;o__Spizellomycetales;f__Olpidiaceae;g__Olpidium;s__uncultured_fungus	0.0
d__Eukaryota;p__Chytridiomycota;c__Chytridiomycetes;o__Spizellomycetales;f__Olpidiaceae;g__Olpidium;s__Olpidium_brassicae	0.0
d__Eukaryota;p__Chytridiomycota;c__Chytridiomycetes;o__Spizellomycetales;__;__;__	0.0
d__Eukaryota;p__Chytridiomycota;c__Chytridiomycetes;o__Rhizophydiales;f__uncultured;g__uncultured;s__uncultured_eukaryote	0.0
d__Eukaryota;p__Chytridiomycota;c__Chytridiomycetes;o__Rhizophydiales;f__uncultured;g__uncultured;s__uncultured_Chytridiomycota	0.0
d__Eukaryota;p__Chytridiomycota;c__Chytridiomycetes;o__Rhizophydiales;f__uncultured;g__uncultured;s__eukaryotic_picoplankton	0.0
d__Eukaryota;p__Chytridiomycota;c__Chytridiomycetes;o__Chytridiales;f__Chytriomycetaceae;g__Chytriomyces;__	0.0
d__Eukaryota;p__Chytridiomycota;c__Chytridiomycetes;o__uncultured;f__uncultured;g__uncultured;s__eukaryotic_picoplankton	0.0
d__Eukaryota;p__Chytridiomycota;c__Chytridiomycetes;o__uncultured;f__uncultured;g__uncultured;s__Uebelmesseromyces_harderi	0.0
d__Eukaryota;p__Chytridiomycota;c__Chytridiomycetes;o__Spizellomycetales;f__Spizellomycetaceae;g__Spizellomyces;s__Spizellomyces_sp.	0.0
d__Eukaryota;p__Chytridiomycota;c__Chytridiomycetes;o__Spizellomycetales;f__Powellomycetaceae;g__Powellomycetaceae;s__uncultured_eukaryote	0.0
d__Eukaryota;p__Chytridiomycota;c__Chytridiomycetes;o__Spizellomycetales;f__Powellomycetaceae;g__Geranomyces;s__uncultured_Chytridiomycota	0.0
d__Eukaryota;p__Chytridiomycota;c__Chytridiomycetes;o__Spizellomycetales;f__Powellomycetaceae;g__Geranomyces;__	0.0
d__Eukaryota;p__Chytridiomycota;c__Chytridiomycetes;o__Chytridiales;f__Chytriomycetaceae;g__Chytriomycetaceae;__	0.0
d__Eukaryota;p__Chytridiomycota;c__Chytridiomycetes;o__Chytridiales;f__Chytriomycetaceae;g__Chytriomyces;s__Chytriomyces_sp.	0.0
d__Eukaryota;p__Chytridiomycota;c__Chytridiomycetes;o__Chytridiales;f__Chytriomycetaceae;g__Chytriomyces;s__Chytriomyces_hyalinus	0.0
d__Eukaryota;p__Chytridiomycota;c__Chytridiomycetes;o__uncultured;f__uncultured;g__uncultured;s__uncultured_Chytridiomycota	0.0
d__Eukaryota;p__Euglenozoa;c__Euglenida;o__Euglenophyceae;f__Euglenaceae;g__Euglena;__	0.0
d__Eukaryota;p__Euglenozoa;c__Euglenida;o__Euglenophyceae;f__Euglenaceae;g__Cryptoglena;s__Cryptoglena_sp.	0.0
d__Eukaryota;p__Euglenozoa;c__Euglenida;o__Euglenophyceae;f__Euglenaceae;g__Cryptoglena;__	0.0
d__Eukaryota;p__Cryptophyceae;c__Cryptophyceae;o__Cryptomonadales;f__Cryptomonadales;g__Cryptomonas;s__Cryptomonas_curvata	0.0
d__Eukaryota;p__Cryptophyceae;c__Cryptophyceae;o__Cryptomonadales;f__Cryptomonadales;g__Chroomonas;s__Chroomonas_sp.	0.0
d__Eukaryota;p__Cryptophyceae;c__Cryptophyceae;o__Cryptomonadales;f__Cryptomonadales;g__Chroomonas;s__Chroomonas_nordstedtii	0.0
d__Eukaryota;p__Cryptophyceae;c__Cryptophyceae;o__Cryptomonadales;f__Cryptomonadales;g__Rhodomonas;s__Rhodomonas_sp.	0.0
d__Eukaryota;p__Cryptophyceae;c__Cryptophyceae;o__Cryptomonadales;f__Cryptomonadales;g__Hemiselmis;s__phytoplankton_environmental	0.0
d__Eukaryota;p__Ascomycota;c__Saccharomycetes;o__Saccharomycetales;__;__;__	0.0
d__Eukaryota;p__Cryptophyceae;c__Cryptophyceae;o__Cryptophyceae;f__Cryptophyceae;g__Goniomonas;s__Goniomonas_truncata	0.0
d__Eukaryota;p__Cryptophyceae;c__Cryptophyceae;o__Cryptophyceae;f__Cryptophyceae;g__Goniomonas;s__Goniomonas_sp.	0.0
d__Eukaryota;p__Cryptophyceae;c__Cryptophyceae;o__Cryptomonadales;f__Cryptomonadales;g__uncultured;__	0.0
d__Eukaryota;p__Dinoflagellata;c__Incertae_Sedis;o__Incertae_Sedis;f__Incertae_Sedis;g__Incertae_Sedis;s__uncultured_alveolate	0.0
d__Eukaryota;p__Dinoflagellata;c__Incertae_Sedis;o__Incertae_Sedis;f__Incertae_Sedis;g__Incertae_Sedis;s__uncultured_Peridinium	0.0
d__Eukaryota;p__Dinoflagellata;c__Incertae_Sedis;o__Incertae_Sedis;f__Incertae_Sedis;g__Blastodinium;s__uncultured_eukaryote	0.0
d__Eukaryota;p__Dinoflagellata;c__Dinoflagellata;o__Noctilucales;f__Noctilucales;__;__	0.0
d__Eukaryota;p__Dinoflagellata;c__Dinoflagellata;o__Dinoflagellata;f__Dinoflagellata;g__Dinoflagellata;s__Peridinium_sociale	0.0
d__Eukaryota;p__Cnidaria;c__Myxozoa;o__Multivalvulida;f__Multivalvulida;g__Multivalvulida;s__Kudoa_rosenbuschi	0.0
d__Eukaryota;p__Ctenophora;__;__;__;__;__	0.0
d__Eukaryota;p__Echinodermata;c__Echinoidea;o__Echinoidea;f__Echinoidea;g__Echinoidea;__	0.0
d__Eukaryota;p__Discoba;c__Discoba;o__Jakobida;f__Jakobida;g__RM1-SGM49;s__uncultured_eukaryote	0.0
d__Eukaryota;p__Discoba;c__Discoba;o__Jakobida;f__Jakobida;g__Andalucia;s__Andalucia_godoyi	0.0
d__Eukaryota;p__Discoba;c__Discoba;o__Jakobida;f__Jakobida;__;__	0.0
d__Eukaryota;p__Discoba;c__Discoba;o__Discoba;f__Discoba;g__Discoba;s__Jakobida_sp.	0.0
d__Eukaryota;p__Euglenozoa;c__Diplonemea;o__Diplonemea;f__Diplonemea;g__Diplonema;__	0.0
d__Eukaryota;p__Euglenozoa;c__Diplonemea;o__Diplonemea;f__Diplonemea;__;__	0.0
d__Eukaryota;p__Entoprocta;c__Solitaria;o__Loxosomatidae;f__Loxosomatidae;g__Loxosomatidae;s__Loxosomella_sp.	0.0
d__Eukaryota;p__Entoprocta;c__Entoprocta;o__Coloniales;f__Barentsiidae;g__Barentsiidae;s__Barentsia_benedeni	0.0
d__Eukaryota;p__Euglenozoa;c__Euglenida;o__Euglenophyceae;f__Euglenaceae;g__Euglena;s__Euglena_UTEX364	0.0
d__Eukaryota;p__Euglenozoa;c__Euglenida;o__Euglenophyceae;f__Euglenaceae;g__Colacium;__	0.0
d__Eukaryota;p__Euglenozoa;c__Euglenida;o__Euglenophyceae;__;__;__	0.0
d__Eukaryota;p__Euglenozoa;c__Diplonemea;o__Diplonemea;f__Diplonemea;g__SCM38C39_marine_group;s__Diplonema_sp.	0.0
d__Eukaryota;p__Euglenozoa;c__Diplonemea;o__Diplonemea;f__Diplonemea;g__Rhynchopus;s__uncultured_eukaryote	0.0
d__Eukaryota;p__Euglenozoa;c__Diplonemea;o__Diplonemea;f__Diplonemea;g__Rhynchopus;s__Rhynchopus_sp.	0.0
d__Eukaryota;p__Euglenozoa;c__Diplonemea;o__Diplonemea;f__Diplonemea;g__Rhynchopus;__	0.0
d__Eukaryota;p__Euglenozoa;c__Euglenida;o__Euglenophyceae;f__Euglenaceae;g__Euglena;s__Euglena_viridis	0.0
d__Eukaryota;p__Euglenozoa;c__Euglenida;o__Euglenophyceae;f__Euglenaceae;g__Euglena;s__Euglena_tristella	0.0
d__Eukaryota;p__Euglenozoa;c__Euglenida;o__Euglenophyceae;f__Euglenaceae;g__Euglena;s__Euglena_agilis	0.0
d__Eukaryota;p__Entoprocta;c__Entoprocta;o__Coloniales;f__Barentsiidae;g__Barentsiidae;__	0.0
d__Eukaryota;p__Chytridiomycota;c__Chytridiomycetes;o__uncultured;f__uncultured;g__uncultured;s__uncultured_eukaryote	0.0
d__Eukaryota;p__Cnidaria;c__Hydrozoa;o__Anthoathecata;f__Anthoathecata;g__Anthoathecata;s__Moerisia_sp.	0.0
d__Eukaryota;p__Cnidaria;c__Anthozoa;o__Zoantharia;f__Zoantharia;g__Zoantharia;__	0.0
d__Eukaryota;p__Cnidaria;c__Anthozoa;o__Pennatulacea;f__Pennatulacea;g__Pennatulacea;__	0.0
d__Eukaryota;p__Cnidaria;c__Anthozoa;o__Octocorallia;f__Octocorallia;g__Octocorallia;__	0.0
d__Eukaryota;p__Cnidaria;c__Anthozoa;o__Alcyonacea;f__Alcyonacea;g__Alcyonacea;__	0.0
d__Eukaryota;p__Cnidaria;c__Hydrozoa;o__Leptothecata;f__Leptothecata;g__Leptothecata;s__Phialella_quadrata	0.0
d__Eukaryota;p__Cnidaria;c__Hydrozoa;o__Leptothecata;f__Leptothecata;g__Leptothecata;s__Opercularella_lacerata	0.0
d__Eukaryota;p__Cnidaria;c__Hydrozoa;o__Leptothecata;f__Leptothecata;g__Leptothecata;s__Obelia_bidentata	0.0
d__Eukaryota;p__Cnidaria;c__Myxozoa;o__Multivalvulida;f__Multivalvulida;g__Multivalvulida;__	0.0
d__Eukaryota;p__Cnidaria;c__Hydrozoa;o__Leptothecata;f__Leptothecata;g__Leptothecata;s__Clytia_gracilis	0.0
d__Eukaryota;p__Cnidaria;c__Hydrozoa;o__Leptothecata;f__Leptothecata;g__Leptothecata;s__Calycella_syringa	0.0
d__Eukaryota;p__Cnidaria;c__Hydrozoa;o__Anthoathecata;f__Anthoathecata;g__Anthoathecata;s__Pennaria_disticha	0.0
d__Eukaryota;p__Cnidaria;c__Myxozoa;o__Bivalvulida;f__Bivalvulida;g__Bivalvulida;s__Myxobolus_cerebralis	0.0
d__Eukaryota;p__Cnidaria;c__Myxozoa;o__Bivalvulida;f__Bivalvulida;g__Bivalvulida;s__Myxidium_bergense	0.0
d__Eukaryota;p__Cnidaria;c__Myxozoa;o__Bivalvulida;f__Bivalvulida;g__Bivalvulida;s__Chloromyxum_sp.	0.0
d__Eukaryota;p__Cnidaria;c__Hydrozoa;o__Trachylinae;f__Trachylinae;g__Trachylinae;s__Cunina_octonaria	0.0
d__Eukaryota;p__Basidiomycota;c__Agaricomycetes;o__Agaricales;__;__;__	0.0
d__Eukaryota;p__Basidiomycota;c__Agaricomycetes;__;__;__;__	0.0
d__Eukaryota;p__Cnidaria;c__Hydrozoa;o__Leptothecata;f__Leptothecata;g__Leptothecata;s__Halopteris_diaphana	0.0
d__Eukaryota;p__Cnidaria;c__Myxozoa;o__Malacovalvulida;f__Malacovalvulida;g__Malacovalvulida;s__Proliferative_kidney	0.0
d__Eukaryota;p__Cnidaria;c__Myxozoa;o__Bivalvulida;f__Bivalvulida;g__Bivalvulida;s__cf._Latyspora	0.0
d__Eukaryota;p__Cnidaria;c__Myxozoa;o__Bivalvulida;f__Bivalvulida;g__Bivalvulida;s__Sphaeractinomyxon_sp.	0.0
d__Eukaryota;p__Cnidaria;c__Myxozoa;o__Bivalvulida;f__Bivalvulida;g__Bivalvulida;s__Parvicapsula_irregularis	0.0
d__Eukaryota;p__Cnidaria;c__Myxozoa;o__Bivalvulida;f__Bivalvulida;g__Bivalvulida;s__Paramyxidium_giardi	0.0
d__Eukaryota;p__Cnidaria;c__Myxozoa;o__Bivalvulida;f__Bivalvulida;g__Bivalvulida;s__Myxobolus_lepomis	0.0
d__Eukaryota;p__Compsopogonales;c__Compsopogonales;o__Compsopogonales;f__Compsopogonales;g__Compsopogonopsis;s__Compsopogonopsis_leptoclados	0.0
d__Eukaryota;p__Cnidaria;c__Scyphozoa;o__Semaeostomeae;f__Semaeostomeae;g__Semaeostomeae;__	0.0
d__Eukaryota;p__Cryptomycota;c__Incertae_Sedis;o__Incertae_Sedis;f__Incertae_Sedis;g__Rozella;s__uncultured_eukaryote	0.0
d__Eukaryota;p__Chytridiomycota;c__Monoblepharidomycetes;o__Monoblepharidales;__;__;__	0.0
d__Eukaryota;p__Cryptomycota;c__Incertae_Sedis;o__Incertae_Sedis;f__Incertae_Sedis;g__Rozella;__	0.0
d__Eukaryota;p__Cryptophyceae;c__Cryptophyceae;o__Cryptomonadales;f__Cryptomonadales;g__Chroomonas;s__Chroomonas_mesostigmatica	0.0
d__Eukaryota;p__Cryptophyceae;c__Cryptophyceae;__;__;__;__	0.0
d__Eukaryota;p__Cryptomycota;c__uncultured;o__uncultured;f__uncultured;g__uncultured;s__invertebrate_environmental	0.0
d__Eukaryota;p__Cnidaria;c__Anthozoa;o__Actiniaria;f__Actiniaria;g__Actiniaria;s__Paraisanthus_fabiani	0.0
d__Eukaryota;p__Cnidaria;c__Anthozoa;o__Actiniaria;f__Actiniaria;g__Actiniaria;s__Nematostella_vectensis	0.0
d__Eukaryota;p__Cnidaria;c__Anthozoa;__;__;__;__	0.0
d__Eukaryota;p__Chytridiomycota;c__Monoblepharidomycetes;o__Monoblepharidales;f__Monoblepharidales;__;__	0.0
d__Eukaryota;p__Chytridiomycota;c__Monoblepharidomycetes;o__Monoblepharidales;f__Gonapodyaceae;g__Gonapodya;__	0.0
d__Eukaryota;p__Cryptomycota;c__Incertae_Sedis;o__Incertae_Sedis;f__Incertae_Sedis;g__Rozella;s__Rozella_allomycis	0.0
